lab_name,hindi_name
DISTRICT WOMEN HOSPITAL GHAZIABAD,"जिला महिला चिकित्सालय, गाज़ियाबाद"
DISTRICT MALE HOSPITAL AYODHYA,"जिला पुरुष चिकित्सालय, अयोध्या"
DIVISIONAL DISTRICT HOSPITAL AZAMGARH,"मंडलीय जिला चिकित्सालय, आजमगढ़"
COMBINED HOSPITAL BACHHRAUN AMROHA,"संयुक्त चिकित्सालय, अमरोहा"
DISTRICT COMBINED HOSPITAL CHIBARAMAU KANNAUJ,"संयुक्त चिकित्सालय, कन्नौज"
100 BED TB SAH SAMANYA HOSPITAL GORAKHPUR,"100 शय्या टीबी एवं सामान्य चिकित्सालय, गोरखपुर"
COMBINED HOSPITAL ATARAULI ALIGARH,"संयुक्त चिकित्सालय, अलीगढ़"
MENTAL HOSPITAL AGRA,"मानसिक चिकित्सालय, आगरा"
DISTRICT HOSPITAL AGRA,"जिला चिकित्सालय, आगरा"
WOMEN HOSPITA MCH WING AGRA,"महिला चिकित्सालय एमसीएच विंग, आगरा"
MALKHAN SINGH DISTRICT HOSPITAL ALIGARH,"मलखान सिंह जिला चिकित्सालय, अलीगढ़"
PANDIT DEEN DAYAL JOINT HOSPITAL ALIGARH,"पंडित दीनदयाल संयुक्त चिकित्सालय, अलीगढ़"
DISTRICT WOMEN HOSPITAL ALIGARH,"जिला महिला चिकित्सालय, अलीगढ़"
200 BEDED MCH WING TANDA AMBEDKAR NAGAR,"एमसीएच विंग, अंबेडकर नगर"
DISTRICT COMBINED HOSPITAL AMBEDKAR NAGAR,"संयुक्त चिकित्सालय, अंबेडकर नगर"
DISTRICT COMBINED HOSPITAL AMETHI,"संयुक्त चिकित्सालय, अमेठी"
DISTRICT COMBINED HOSPITAL AMROHA,"संयुक्त चिकित्सालय, अमरोहा"
DISTRICT COMBINE HOSPITAL AURAIYA,"संयुक्त जिला चिकित्सालय, औरैया"
DISTRICT WOMEN HOSPITAL AYODHYA,"जिला महिला चिकित्सालय, अयोध्या"
100 BEDDED KUMARGANJ AYODHYA AYODHYA,"100 शय्या चिकित्सालय, अयोध्या"
SRI RAM HOSPITAL AYODHYA,"श्रीराम अस्पताल, अयोध्या"
100 Bed hospital Atrauliya AZAMGARH,"100 शय्या चिकित्सालय अतरौलिया, आजमगढ़"
DISTRICT COMBINE HOSPITAL AZAMGARH,"संयुक्त जिला चिकित्सालय, आजमगढ़"
DISTRICT COMBINED HOSPITAL BAGHPAT,"संयुक्त चिकित्सालय, बागपत"
District Combined hospital BALLIA,"संयुक्त चिकित्सालय, बलिया"
District women hospital BALLIA,"जिला महिला चिकित्सालय, बलिया"
DISTRICT WOMEN HOSPITAL BALRAMPUR,"जिला महिला चिकित्सालय, बलरामपुर"
DISTRICT MEMORIAL HOSPITAL BALRAMPUR,"जिला स्मारक चिकित्सालय, बलरामपुर"
DISTRICT WOMEN HOSPITAL BANDA,"जिला महिला चिकित्सालय, बाँदा"
DISTRICT HOSPITAL BANDA,"जिला चिकित्सालय, बाँदा"
DISTRICT HOSPITAL BARABANKI,"जिला चिकित्सालय, बाराबंकी"
DISTRICT COMBINED HOSPITAL BAREILLY,"संयुक्त चिकित्सालय, बरेली"
DISTRICT WOMEN HOSPITAL BAREILLY,"जिला महिला चिकित्सालय, बरेली"
DISTRICT HOSPITAL BASTI,"जिला चिकित्सालय, बस्ती"
DISTRICT WOMEN HOSPITAL BASTI,"जिला महिला चिकित्सालय, बस्ती"
OPECC KAILY HOSPITAL BASTI,"ओपेक कैली अस्पताल, बस्ती"
T B HOSPITAL BASTI,"टीबी चिकित्सालय, बस्ती"
DISTRICT HOSPITAL BIJNOR,"जिला चिकित्सालय, बिजनौर"
DISTRICT WOMEN HOSPITAL BIJNOR,"जिला महिला चिकित्सालय, बिजनौर"
DISTRICT WOMEN HOSPITAL BADAUN,"जिला महिला चिकित्सालय, बदायूं"
DISTRICT HOSPITAL BADAUN,"जिला चिकित्सालय, बदायूं"
BABU B D GUPTA HOSPITAL BULANDSHAHAR,"बाबू बी. डी. गुप्ता अस्पताल, बुलंदशहर"
COMBINED HOSPITAL SIKANDRABAD BULANDSHAHAR,"संयुक्त चिकित्सालय, सिकंदराबाद, बुलंदशहर"
DISTRICT WOMEN HOSPITAL BULANDSHAHAR,"जिला महिला चिकित्सालय, बुलंदशहर"
S.S.M.J.Hospital Khurja BULANDSHAHAR,"एस.एम.जे. अस्पताल, खुर्जा, बुलंदशहर"
100 BEDED HOSPITAL DIBAI BULANDSHAHAR,"100 शय्या चिकित्सालय, बुलंदशहर"
Combined Hospital Chakiya CHANDAULI,"संयुक्त चिकित्सालय, चंदौली"
CHC RATH,सामुदायिक स्वास्थ्य केंद्र राठ
DISTRICT COMBINE HOSPITAL CHITRAKOOT,"संयुक्त जिला चिकित्सालय, चित्रकूट"
T B HOSPITAL ETAWAH,"टीबी चिकित्सालय, इटावा"
DISTRICT WOMEN HOSPITAL ETAWAH,"जिला महिला चिकित्सालय, इटावा"
DR BHIMRAO DISTRICT HOSPITAL ETAWAH,"जिला चिकित्सालय, इटावा"
DR RAM MANOHAR LOHIA WOMEN HOSPITAL FARRUKHABAD,"डॉ. राम मनोहर लोहिया महिला अस्पताल, फर्रुखाबाद"
DR RAM MANOHAR LOHIA MALE HOSPITAL FARRUKHABAD,"डॉ. राम मनोहर लोहिया पुरुष अस्पताल, फर्रुखाबाद"
DISTRICT COMBINED HOSPITAL SIKOHABAD FIROZABAD,"संयुक्त चिकित्सालय, फ़िरोज़ाबाद"
DISTRICT HOSPITAL GAUTAM BUDDHA NAGAR,"जिला चिकित्सालय, गौतम बुद्ध नगर"
COMBINED HOSPITAL SANJAI NAGAR GHAZIABAD,"संयुक्त चिकित्सालय, गाज़ियाबाद"
M M G DISTRICT HOSPITAL GHAZIABAD,"जिला चिकित्सालय, गाज़ियाबाद"
DISTRICT WOMEN HOSPITAL GONDA,"जिला महिला चिकित्सालय, गोण्डा"
DISTRICT WOMEN HOSPITAL GORAKHPUR,"जिला महिला चिकित्सालय, गोरखपुर"
DISTRICT HOSPITAL GORAKHPUR,"जिला चिकित्सालय, गोरखपुर"
DISTRICT WOMEN HOSPITAL HAMIRPUR,"जिला महिला चिकित्सालय, हमीरपुर"
DISTRICT MALE HOSPITAL HAMIRPUR,"जिला पुरुष चिकित्सालय, हमीरपुर"
DISTRICT HOSPITAL HARDOI,"जिला चिकित्सालय, हरदोई"
DISTRICT WOMEN HOSPITAL HATHRAS,"जिला महिला चिकित्सालय, हाथरस"
BAAGLA HOSPITAL HATHRAS,"बागला अस्पताल, हाथरस"
T B Hospital HATHRAS,"टीबी चिकित्सालय, हाथरस"
DISTRICT HOSPITAL JALAUN,"जिला चिकित्सालय, जालौन"
DISTRICT Women HOSPITAL JALAUN,"जिला महिला चिकित्सालय, जालौन"
DISTRICT WOMEN HOSPITAL JAUNPUR,"जिला महिला चिकित्सालय, जौनपुर"
DISTRICT HOSPITAL JAUNPUR,"जिला चिकित्सालय, जौनपुर"
DISTRICT WOMEN HOSPITAL JHANSI,"जिला महिला चिकित्सालय, झांसी"
DISTRICT HOSPITAL JHANSI,"जिला चिकित्सालय, झांसी"
DISTRICT HOSPITAL KANNAUJ,"जिला चिकित्सालय, कन्नौज"
DISTRICT HOSPITAL KANPUR DEHAT,"जिला चिकित्सालय, कानपुर देहात"
DISTRICT WOMEN HOSPITAL KANPUR DEHAT,"जिला महिला चिकित्सालय, कानपुर देहात"
U H M HOSPITAL KANPUR NAGAR,"उर्सुला हॉर्समैन मेमोरियल चिकित्सालय, कानपुर नगर"
A H M HOSPITAL KANPUR NAGAR,"ऐलिस हॉर्समैन मेमोरियल एवं डफ़रिन अस्पताल, कानपुर नगर"
KASHIRAM COMBINE HOSPITAL KANPUR NAGAR,"कांशीराम संयुक्त चिकित्सालय एवं ट्रॉमा सेंटर, कानपुर नगर"
K P M HOSPITAL KANPUR NAGAR,"के. पी. एम. अस्पताल, कानपुर नगर"
DISTRICT COMBINED HOSPITAL KASGANJ,"संयुक्त चिकित्सालय, कासगंज"
VEERANGANA AVANTI BAI WOMEN HOSPITAL LUCKNOW,"वीरांगना अवंतीबाई महिला चिकित्सालय, लखनऊ"
BALRAMPUR HOSPITAL LUCKNOW,"बलरामपुर अस्पताल, लखनऊ"
RANI LAXMI BAI COMBINE HOSPITAL LUCKNOW,"रानी लक्ष्मीबाई संयुक्त चिकित्सालय, लखनऊ"
R N COMBINE HOSPITAL(Lok Bandhu Raj Narayan ) LUCKNOW,"लोकबंधु राज नारायण संयुक्त चिकित्सालय, लखनऊ"
DISTRICT COMBINE HOSPITAL SITAPUR ROAD LUCKNOW,"संयुक्त जिला चिकित्सालय, लखनऊ"
DR S P M HOSPITAL LUCKNOW,"डॉ. श्यामा प्रसाद मुखर्जी (सिविल) चिकित्सालय, लखनऊ"
BALRAMPUR HOSPITAL (RDC) LUCKNOW,"बलरामपुर अस्पताल (आरडीसी), लखनऊ"
T B HOSPITAL THAKURGANJ LUCKNOW,"टीबी चिकित्सालय, ठाकुरगंज, लखनऊ"
B R D HOSPITAL MAHANAGAR LUCKNOW LUCKNOW,"भाऊराव देवरस सिविल अस्पताल, महानगर, लखनऊ"
50 BEDED CHANDAR NAGAR LUCKNOW,"50 शय्या चिकित्सालय, लखनऊ"
DISTRICT COMBINE HOSPITAL MAHARAJGANJ,"संयुक्त जिला चिकित्सालय, महराजगंज"
DISTRICT COMBINED HOSPITAL MAHOBA,"संयुक्त चिकित्सालय, महोबा"
DISTRICT Women HOSPITAL MAHOBA,"महिलाजिला महिला चिकित्सालय, महोबा"
DISTRICT WOMEN HOSPITAL MAINPURI,"जिला महिला चिकित्सालय, मैनपुरी"
DISTRICT HOSPITAL MATHURA,"जिला चिकित्सालय, मथुरा"
COMBINED DISTRICT HOSPITAL VRINDAVAN MATHURA,"जिला चिकित्सालय, मथुरा"
DISTRICT WOMEN HOSPITAL MATHURA,"जिला महिला चिकित्सालय, मथुरा"
DISTRICT WOMEN HOSPITAL MAU,"जिला महिला चिकित्सालय, मऊ"
DISTRICT COMBINE HOSPITAL MAU,"संयुक्त जिला चिकित्सालय, मऊ"
DISTRICT WOMEN HOSPITAL MEERUT,"जिला महिला चिकित्सालय, मेरठ"
P L SHARMA HOSPITAL MEERUT,"पी. एल. शर्मा चिकित्सालय, मेरठ"
DISTRICT WOMEN HOSPITAL MORADABAD,"जिला महिला चिकित्सालय, मुरादाबाद"
DISTRICT HOSPITAL MORADABAD,"जिला चिकित्सालय, मुरादाबाद"
DISTRICT HOSPITAL MUZAFFARNAGAR,"जिला चिकित्सालय, मुज़फ्फरनगर"
DISTRICT Women HOSPITAL MUZAFFARNAGAR,"महिलाजिला महिला चिकित्सालय, मुज़फ्फरनगर"
T.B. SAPRU PRAYAGRAJ,"तेज बहादुर सप्रू चिकित्सालय, प्रयागराज"
MOTI LAL NEHRU HOSPITAL PRAYAGRAJ,"मोतीलाल नेहरू चिकित्सालय, प्रयागराज"
DISTRICT WOMEN HOSPITAL PRAYAGRAJ,"जिला महिला चिकित्सालय, प्रयागराज"
MANOHAR DAS EYE HOSPITAL PRAYAGRAJ,"मनोहर दास नेत्र चिकित्सालय, प्रयागराज"
T B HOSPITAL PRAYAGRAJ,"टीबी चिकित्सालय, प्रयागराज"
M.L.N(Kalvin) Hospital PRAYAGRAJ,"एम.एल.एन. (काल्विन) चिकित्सालय, प्रयागराज"
DISTRICT WOMEN HOSPITAL RAEBARELI,"जिला महिला चिकित्सालय, रायबरेली"
DISTRICT HOSPITAL RAEBARELI,"जिला चिकित्सालय, रायबरेली"
DISTRICT WOMEN HOSPITAL RAMPUR,"जिला महिला चिकित्सालय, रामपुर"
DISTRICT HOSPITAL RAMPUR,"जिला चिकित्सालय, रामपुर"
S B D DISTRICT HOSPITAL SAHARANPUR,"जिला चिकित्सालय, सहारनपुर"
DISTRICT WOMEN HOSPITAL SAHARANPUR,"जिला महिला चिकित्सालय, सहारनपुर"
T B SANITARIUM HOSPITAL SAHARANPUR,"टी.बी. सैनिटोरियम चिकित्सालय, सहारनपुर"
DISTRICT COMBINED HOSPITAL SAMBHAL SAMBHAL,"संयुक्त चिकित्सालय, सम्भल"
DISTRICT COMBINE HOSPITAL SANT KABIR NAGAR,"संयुक्त जिला चिकित्सालय, संत कबीर नगर"
DISTRICT COMBINED HOSPITAL SHAMLI,"संयुक्त चिकित्सालय, शामली"
DISTRICT COMBINE HOSPITAL SHRAVASTI,"संयुक्त जिला चिकित्सालय, श्रावस्ती"
DISTRICT WOMEN HOSPITAL SITAPUR,"जिला महिला चिकित्सालय, सीतापुर"
DISTRICT HOSPITAL UNNAO,"जिला चिकित्सालय, उन्नाव"
DISTRICT WOMEN HOSPITAL UNNAO,"जिला महिला चिकित्सालय, उन्नाव"
SSPG HOSPITAL VARANASI,"एस.पी.जी. चिकित्सालय, वाराणसी"
PANDIT DEEN DAYAL HOSPITAL VARANASI,"पंडित दीनदयाल चिकित्सालय, वाराणसी"
DISTRICT WOMEN HOSPITAL VARANASI,"जिला महिला चिकित्सालय, वाराणसी"
LAL BAHADUR HOSPITAL RAMNAGAR VARANASI,"लाल बहादुर चिकित्सालय, रामनगर, वाराणसी"
100BEDDED HARDOI,"100 शय्या चिकित्सालय, हरदोई"
500BED GORAKHPUR GORAKHPUR,"500 शय्या चिकित्सालय, गोरखपुर"
PHC Orderly Bazar,"प्राथमिक स्वास्थ्य केंद्र, ऑर्डरली बाजार"
100 BEDED HOSPITAL BIJNOR,"100 शय्या चिकित्सालय, बिजनौर"
MBS HOSPITAL SANT RAVIDAS NAGAR SANT RAVIDAS NAGAR,"एम.बी.एस. चिकित्सालय, संत रविदास नगर"
100 Bed hospital Sarpataha Bhadohi SANT RAVIDAS NAGAR,"100 शय्या चिकित्सालय, सरपटाहा भदोही, संत रविदास नगर"
MC SINGH DISTRICT HOSPITAL GYANPUR SANT RAVIDAS NAGAR,"जिला चिकित्सालय, ज्ञानपुर, संत रविदास नगर"
DISTRICT COMBINE HOSPITAL BALRAMPUR,"संयुक्त जिला चिकित्सालय, बलरामपुर"
CHC KUDANA (SHAMLI),सामुदायिक स्वास्थ्य केंद्र कुडाना (शामली)
CHC FATEHABAD (CMO AGRA),सामुदायिक स्वास्थ्य केंद्र फतेहाबाद (सी.एम.ओ. आगरा)
CHC BICHPURI (CMO AGRA),सामुदायिक स्वास्थ्य केंद्र बिचपुरी (सी.एम.ओ. आगरा)
CHC SIKNDRARAO (CMO HATHRAS),सामुदायिक स्वास्थ्य केंद्र सिकंदरराव (सी.एम.ओ. हाथरस)
CHC KHAIRGARH (CMOÂ FIROZABAD),सामुदायिक स्वास्थ्य केंद्र खैरगढ़ (CMOÂ फ़िरोज़ाबाद)
CHC Jalaun,सामुदायिक स्वास्थ्य केंद्र जालौन
CHC BIRDPUR,सामुदायिक स्वास्थ्य केंद्र बिर्दपुर
CHC JAGIR MAINPURI,सामुदायिक स्वास्थ्य केंद्र जागीर मैनपुरी
CHC PARTWAL,सामुदायिक स्वास्थ्य केंद्र पार्टवाल
CHC HATA,सामुदायिक स्वास्थ्य केंद्र हाटा
CHC FAZILNAGAR,सामुदायिक स्वास्थ्य केंद्र फाजिलनगर
CHC RAMKOLA,सामुदायिक स्वास्थ्य केंद्र रामकोला
CHC KAPTANGANJ,सामुदायिक स्वास्थ्य केंद्र कप्तानगंज
CHC KUBERSTHAN,सामुदायिक स्वास्थ्य केंद्र कुबेरस्थान
CHC Kheshraha Siddharth,सामुदायिक स्वास्थ्य केंद्र खेशरहा सिद्धार्थ
CHCÂ Moth (CMO Jhansi),"सामुदायिक स्वास्थ्य केंद्र, मोठ, सी.एम.ओ. झांसी"
CHC Tahbarpur,सामुदायिक स्वास्थ्य केंद्र तहबरपुर
CHC Kaisarganj,सामुदायिक स्वास्थ्य केंद्र कैसरगंज
CHC Risia Bahraich,सामुदायिक स्वास्थ्य केंद्र रिसिया बहराइच
CHC Kasia,सामुदायिक स्वास्थ्य केंद्र कसिया
CHC Sukaroli,सामुदायिक स्वास्थ्य केंद्र सुकरोली
CHC Siswa,सामुदायिक स्वास्थ्य केंद्र सिसवा
CHC Pipra Dhaula Kadam,सामुदायिक स्वास्थ्य केंद्र पिपरा धौला कदम
CHC Laar,सामुदायिक स्वास्थ्य केंद्र लार
CHC MORNA BHOPA,सामुदायिक स्वास्थ्य केंद्र मोरना भोपा
CHC PANWARI,सामुदायिक स्वास्थ्य केंद्र पनवारी
CHC BAMAUR (CMO JHANSI),सामुदायिक स्वास्थ्य केंद्र बामौर (सी.एम.ओ. झांसी)
CHC SARSAUL,सामुदायिक स्वास्थ्य केंद्र सरसौल
CHC DEVIPUR MALASA,सामुदायिक स्वास्थ्य केंद्र देवीपुर मलासा
CHC DIBIYAPUR,सामुदायिक स्वास्थ्य केंद्र दिबियापुर
CHC JALALABAD,सामुदायिक स्वास्थ्य केंद्र जलाबाद
CHC NANGAL (SAHARANPUR),सामुदायिक स्वास्थ्य केंद्र नंगल (सहारनपुर)
CHC PILANA,सामुदायिक स्वास्थ्य केंद्र पिलाना
CHC Madawara (CMO Lalitpur),सामुदायिक स्वास्थ्य केंद्र मदावरा (सी.एम.ओ. ललितपुर)
CHC PAHLA (SITAPUR),सामुदायिक स्वास्थ्य केंद्र पहला (सीतापुर)
CHC Jaitpur (CMO Mahoba),सामुदायिक स्वास्थ्य केंद्र जैतपुर (सी.एम.ओ. महोबा)
CHC KUNDA,सामुदायिक स्वास्थ्य केंद्र कुंडा
CHC KALAKANKER,सामुदायिक स्वास्थ्य केंद्र कालाकंकर
CHC BHANGA,सामुदायिक स्वास्थ्य केंद्र भंगा
CHC NOORPUR,सामुदायिक स्वास्थ्य केंद्र नूरपुर
CHC HALDAUR,सामुदायिक स्वास्थ्य केंद्र हलदौर
CHC SHERGARH,सामुदायिक स्वास्थ्य केंद्र शेरगढ़
CHC NURIYA,सामुदायिक स्वास्थ्य केंद्र नुरिया
CHC PURANPUR,सामुदायिक स्वास्थ्य केंद्र पुरनपुर
CHC AMARAULI,सामुदायिक स्वास्थ्य केंद्र अमरौली
CHC KHAIR,सामुदायिक स्वास्थ्य केंद्र खैर
CHC DASNA,सामुदायिक स्वास्थ्य केंद्र दसना
CHC BILARIYAGANJ,सामुदायिक स्वास्थ्य केंद्र बिलारियागंज
CHC JAI PRAKASH NAGAR,सामुदायिक स्वास्थ्य केंद्र जय प्रकाश नगर
CHC RAMPURA,सामुदायिक स्वास्थ्य केंद्र रामपुरा
CHC KHERAGARH (CMO AGRA),सामुदायिक स्वास्थ्य केंद्र खेरागढ़ (सी.एम.ओ. आगरा)
CHC SAIDPUR,सामुदायिक स्वास्थ्य केंद्र सैदपुर
CHC MUHAMMADABAD,सामुदायिक स्वास्थ्य केंद्र मुहम्मदाबाद
CHC JAITPUR KALAN(CMO AGRA),सामुदायिक स्वास्थ्य केंद्र जैतपुर कलां (सी.एम.ओ. आगरा)
CHC CHHATA(CMO MATHURA),सामुदायिक स्वास्थ्य केंद्र छाटा (सी.एम.ओ. मथुरा)
CHC AURAS,सामुदायिक स्वास्थ्य केंद्र औरस
CHC BIJAULI,सामुदायिक स्वास्थ्य केंद्र बिजौली
CHC UDI (ETAWAH),सामुदायिक स्वास्थ्य केंद्र उडी (इटावा)
CHC NAWABGANJ(BAREILLY),सामुदायिक स्वास्थ्य केंद्र नवाबगंज (बरेली)
CHC GAINDAS BUJURG,सामुदायिक स्वास्थ्य केंद्र गैंदास बुजुर्ग
CHC HAIDERGARH,सामुदायिक स्वास्थ्य केंद्र हैदरगढ़
CHC PALHANI (AZAMGARH),सामुदायिक स्वास्थ्य केंद्र पलहानी (आजमगढ़)
CHC ARAON(FIROZABAD),सामुदायिक स्वास्थ्य केंद्र अरौन (फ़िरोज़ाबाद)
CHC JATAU (FIROZABAD),सामुदायिक स्वास्थ्य केंद्र जतौ (फ़िरोज़ाबाद)
CHC SAKALDIHA(CHANDAULI),सामुदायिक स्वास्थ्य केंद्र सकलदीहा (चंदौली)
CHC BISHUNPURA,सामुदायिक स्वास्थ्य केंद्र बिशुनपुरा
CHC KYARA (BAREILLY),सामुदायिक स्वास्थ्य केंद्र क्यारा (बरेली)
CHC KASBA KOTHI,सामुदायिक स्वास्थ्य केंद्र कस्बा कोठी
CHC MAIDI (CHANDAULI),सामुदायिक स्वास्थ्य केंद्र मैडी (चंदौली)
CHC KURARA HAMIRPUR,सामुदायिक स्वास्थ्य केंद्र कुरा हमीरपुर
CHC KHADDA (KUSHINAGAR),सामुदायिक स्वास्थ्य केंद्र खड्डा (कुशीनगर)
CHC SAIDABAD (PRAYARAJ),सामुदायिक स्वास्थ्य केंद्र सैदाबाद (PRAYARAJ)
CHC BANI KOTWA(PRAYARAJ),सामुदायिक स्वास्थ्य केंद्र बानी कोटवा (PRAYARAJ)
HASERAN KANNAUJ,"हसरान, कन्नौज"
DERAPUR,देरापुर
PUKHRAYAN,पुखरायन
ACHALGANJ,अचलगंज
GANJDUNDWARA,गंजदुंडवारा
REOTIPUR,रेओतिपुर
CHC NICHLAUL,सामुदायिक स्वास्थ्य केंद्र निचलौल
CHC THUTHIBARI,सामुदायिक स्वास्थ्य केंद्र थुथिबारी
CHC BADRAON,सामुदायिक स्वास्थ्य केंद्र बदरौन
CHC GANGOH (SAHARANPUR),सामुदायिक स्वास्थ्य केंद्र गंगोह (सहारनपुर)
CHC RAMSANEHI GHAT,सामुदायिक स्वास्थ्य केंद्र रामसनेही घाट
CHC BADLAPUR,सामुदायिक स्वास्थ्य केंद्र बदलापुर
CHC SUJANGANJ (JAUNPUR),सामुदायिक स्वास्थ्य केंद्र सुजंगंज (जौनपुर)
CHC KERAKAT,सामुदायिक स्वास्थ्य केंद्र केराकट
CHC SHAHGANJ (JAUNPUR),सामुदायिक स्वास्थ्य केंद्र शाहगंज (जौनपुर)
CHC KHUTHAN,सामुदायिक स्वास्थ्य केंद्र खुथान
CHC SADAR (MAHARAJGANJ),सामुदायिक स्वास्थ्य केंद्र सदर (महराजगंज)
CHC CHOWK MAHARAJGANJ,सामुदायिक स्वास्थ्य केंद्र चौक महराजगंज
CHC NANOTA (SAHARANPUR),सामुदायिक स्वास्थ्य केंद्र ननोटा (सहारनपुर)
CHC KARCHHANA,सामुदायिक स्वास्थ्य केंद्र कर्चना
CHC JATABARAULI (BARABANKI),सामुदायिक स्वास्थ्य केंद्र जतबरौली (बाराबंकी)
CHC MEJA PRAYAGRAJ,सामुदायिक स्वास्थ्य केंद्र मेजा प्रयागराज
CHC BABERU( BANDA),सामुदायिक स्वास्थ्य केंद्र बबेरू (बाँदा)
CHC KAMSIN (BANDA),सामुदायिक स्वास्थ्य केंद्र कमसिन (बाँदा)
CHC BHATHAT,सामुदायिक स्वास्थ्य केंद्र भाठत
CHC ALAMCHAND,सामुदायिक स्वास्थ्य केंद्र आलमचंद
CHC Mohanlalganj,सामुदायिक स्वास्थ्य केंद्र मोहनलालगंज
CHC Malihabad,सामुदायिक स्वास्थ्य केंद्र मलिहाबाद
CHC AKBARPUR,सामुदायिक स्वास्थ्य केंद्र अकबरपुर
CHC Rajpur Etawah,सामुदायिक स्वास्थ्य केंद्र राजपुर इटावा
CHC DAURALA,सामुदायिक स्वास्थ्य केंद्र दौराला
BPHU Chauri Chaura,बी.पी.एच.यू. चौरी चौरा
BPHU Khajni,बी.पी.एच.यू. खजनी
PHC Koniya,"प्राथमिक स्वास्थ्य केंद्र, कोनिया"
PHC Lallapura,"प्राथमिक स्वास्थ्य केंद्र, लल्लापुरा"
PHC Jaitpura,"प्राथमिक स्वास्थ्य केंद्र, जैतपुरा"
PHC Asfaq Nagar,"प्राथमिक स्वास्थ्य केंद्र, अस्फाक नगर"
CHC SANDA (SITAPUR),सामुदायिक स्वास्थ्य केंद्र सांडा (सीतापुर)
PHC Pandeypur,"प्राथमिक स्वास्थ्य केंद्र, पांडेपुर"
PHC Rajghat,"प्राथमिक स्वास्थ्य केंद्र, राजघाट"
PHC Sadar Bazar,"प्राथमिक स्वास्थ्य केंद्र, सदर बाजार"
PHC Madanpura,"प्राथमिक स्वास्थ्य केंद्र, मदनपुरा"
PHC Townhall,"प्राथमिक स्वास्थ्य केंद्र, टाउनहॉल"
PHC Manduadih,"प्राथमिक स्वास्थ्य केंद्र, मंडुआडीह"
PHC Cantonment,"प्राथमिक स्वास्थ्य केंद्र, छावनी"
PHC Chauka Ghat,"प्राथमिक स्वास्थ्य केंद्र, चौका घाट"
PHC Durgakund,"प्राथमिक स्वास्थ्य केंद्र, दुर्गाकुंड"
PHC Bhelupur,"प्राथमिक स्वास्थ्य केंद्र, भेलूपुर"
PHC Adampur,"प्राथमिक स्वास्थ्य केंद्र, आदमपुर"
PHC Bari Bazar,"बारप्राथमिक स्वास्थ्य केंद्र, बारी बाजारबार"
PHC Benia,"प्राथमिक स्वास्थ्य केंद्र, बेनिया"
PHC Seva Sadan,"प्राथमिक स्वास्थ्य केंद्र, सेवा सदन"
PHC Shivpur,"शिवपुरप्राथमिक स्वास्थ्य केंद्र, शिवपुर"
PHC Madhopur,"प्राथमिक स्वास्थ्य केंद्र, मधोपुर"
PHC Sikraul,"प्राथमिक स्वास्थ्य केंद्र, सिकरौल"
PHC Lamhi,"प्राथमिक स्वास्थ्य केंद्र, लामही"
PHC Lohta,"प्राथमिक स्वास्थ्य केंद्र, लोहटा"
PHC Sushwahi,"प्राथमिक स्वास्थ्य केंद्र, सुश्वाही"
PHC Ledhupur,"प्राथमिक स्वास्थ्य केंद्र, लेधुपुर"
CHC Chail Kaushambi,सामुदायिक स्वास्थ्य केंद्र चैल कौशाम्बी
CHC JOGIA SIDDHARTH NAGAR,सामुदायिक स्वास्थ्य केंद्र जोगिया (सिद्धार्थ नगर)
CHC NARAINI (BANDA),सामुदायिक स्वास्थ्य केंद्र नरैनी (बाँदा)
CHC ETWA SIDDHARTH NAGAR,सामुदायिक स्वास्थ्य केंद्र एटवा (सिद्धार्थ नगर)
CHC BEWA SIDDHARTH NAGAR,सामुदायिक स्वास्थ्य केंद्र बेवा (सिद्धार्थ नगर)
CHC USKA BAZAR SIDDHARTH NAGAR,सामुदायिक स्वास्थ्य केंद्र उसका बाजार (सिद्धार्थ नगर)
CHC SASNI (HATHRAS),सामुदायिक स्वास्थ्य केंद्र सासनी (हाथरस)
CHC Mankapur,सामुदायिक स्वास्थ्य केंद्र मनकापुर
CHC Bilari,सामुदायिक स्वास्थ्य केंद्र बिलारी
CHC Thakurdwara Moradabad,सामुदायिक स्वास्थ्य केंद्र ठाकुरद्वारा मुरादाबाद
CHC Panchali,सामुदायिक स्वास्थ्य केंद्र पंचाली
CHC TarabGanj,सामुदायिक स्वास्थ्य केंद्र ताराबगंज
CHC Alapur Ambedkar,सामुदायिक स्वास्थ्य केंद्र आलापुर AMBEDKAR
CHC NAGRA BALLIA,सामुदायिक स्वास्थ्य केंद्र नगरा बलिया
CHC Sarai Akil Kaushambi,सामुदायिक स्वास्थ्य केंद्र सराय अकील कौशाम्बी
CHC Gosaiganj Lucknow,सामुदायिक स्वास्थ्य केंद्र गोसाईगंज लखनऊ
CHC Sarojini Nagar LKO,सामुदायिक स्वास्थ्य केंद्र सरोजिनी नगर लखनऊ
CHC Sarsawan,सामुदायिक स्वास्थ्य केंद्र सरसावन
CHC Soraon,सामुदायिक स्वास्थ्य केंद्र सोरांव
CHC Jasra,सामुदायिक स्वास्थ्य केंद्र जसरा
CHC Chaka,सामुदायिक स्वास्थ्य केंद्र चका
CHC BISWAN (SITAPUR),सामुदायिक स्वास्थ्य केंद्र बिसवान (सीतापुर)
CHC FARAH (MATHURA),सामुदायिक स्वास्थ्य केंद्र फराह (मथुरा)
CHC PATTI (PRATAPGARH),सामुदायिक स्वास्थ्य केंद्र पट्टी (प्रतापगढ़)
CHC Aliganj,सामुदायिक स्वास्थ्य केंद्र अलीगंज
CHC Itaunja,सामुदायिक स्वास्थ्य केंद्र इटौंजा
CHC Chinhut,सामुदायिक स्वास्थ्य केंद्र चिनहट
CHC Mall,सामुदायिक स्वास्थ्य केंद्र मॉल
CHC Kakori,सामुदायिक स्वास्थ्य केंद्र काकोरी
CHC Harduaganj Aligarh,सामुदायिक स्वास्थ्य केंद्र हरदुआगंज अलीगढ़
CHC Chandausi Sambhal,सामुदायिक स्वास्थ्य केंद्र चंदौसी सम्भल
CHC Amroha Amroha,सामुदायिक स्वास्थ्य केंद्र अमरोहा अमरोहा
CHC Bahjoi Sambhal,सामुदायिक स्वास्थ्य केंद्र बहजोई सम्भल
CHC BISRAKH,सामुदायिक स्वास्थ्य केंद्र बिसराख
CHC Pratappur,सामुदायिक स्वास्थ्य केंद्र प्रतापपुर
CHC Mehnagar,सामुदायिक स्वास्थ्य केंद्र मेहनगर
CHC Pardaha,सामुदायिक स्वास्थ्य केंद्र परदाहा
CHC Ghosi,सामुदायिक स्वास्थ्य केंद्र घोसी
CHC Holagarh,सामुदायिक स्वास्थ्य केंद्र होलागढ़
CHC CHAKIYA,सामुदायिक स्वास्थ्य केंद्र चकिया
CHC NAUGARH(CHANDAULI),सामुदायिक स्वास्थ्य केंद्र नौगढ़ (चंदौली)
CHC KARANJAKALA,सामुदायिक स्वास्थ्य केंद्र करंजकाला
CHC SHAHABAD (HARDOI),सामुदायिक स्वास्थ्य केंद्र शाहाबाद (हरदोई)
CHC KATEHARI (AMBEDKARNAGAR),सामुदायिक स्वास्थ्य केंद्र कटेहरी (अंबेडकर नगर)
CHC JALALPUR,सामुदायिक स्वास्थ्य केंद्र जलालपुर
CHC TANDA (AMBEDKARNAGAR),सामुदायिक स्वास्थ्य केंद्र टांडा (अंबेडकर नगर)
CHC BASKHARI (AMBEDKARNAGAR),सामुदायिक स्वास्थ्य केंद्र बसखारी (अंबेडकर नगर)
CHC POORABAZAR (AYODHYA),सामुदायिक स्वास्थ्य केंद्र पूराबाजार (अयोध्या)
CHC PIPRAICH,सामुदायिक स्वास्थ्य केंद्र पिपराइच
CHC GHIROR,सामुदायिक स्वास्थ्य केंद्र घिरोर
CHC BHOGAON (MAINPURI),सामुदायिक स्वास्थ्य केंद्र भोगांव (मैनपुरी)
CHC KURAWALI,सामुदायिक स्वास्थ्य केंद्र कुरावली
CHC KUCHELA (MAINPURI),सामुदायिक स्वास्थ्य केंद्र कुचेला (मैनपुरी)
CHC GABHANA,सामुदायिक स्वास्थ्य केंद्र गभाना
CHC JAGDISHPUR (AMETHI),सामुदायिक स्वास्थ्य केंद्र जगदीशपुर (अमेठी)
CHC SHOHRATGARH (SIDDHRTHNAGAR),सामुदायिक स्वास्थ्य केंद्र शोहरतगढ़ (सिद्धार्थ नगर)
PHC KAKARAHI,"प्राथमिक स्वास्थ्य केंद्र, काकराही"
CHC KARMA (SONBHADRA),सामुदायिक स्वास्थ्य केंद्र कर्मा (सोनभद्र)
CHC BHANGEL (NOIDA),सामुदायिक स्वास्थ्य केंद्र भंगेल (नोएडा)
CHC LAMBHUA SULTANPUR,सामुदायिक स्वास्थ्य केंद्र लंभुआ सुल्तानपुर
CHC PHARENDA (MAHARAJGANJ),सामुदायिक स्वास्थ्य केंद्र PHARENDA (महराजगंज)
CHC KUDRAHA BASTI,सामुदायिक स्वास्थ्य केंद्र KUDRAHA बस्ती
CHC ZAIDPUR (BARABANKI),सामुदायिक स्वास्थ्य केंद्र जैदपुर (बाराबंकी)
CHC PUARIKALAN (VARANASI),सामुदायिक स्वास्थ्य केंद्र PUARIKALAN (वाराणसी)
CHC DHANI (MAHARAJGANJ),सामुदायिक स्वास्थ्य केंद्र DHANI (महराजगंज)
CHC SIRATHU (KAUSHAMBI),सामुदायिक स्वास्थ्य केंद्र SIRATHU (कौशाम्बी)
CHC JAKHANIA (GHAZIPUR),सामुदायिक स्वास्थ्य केंद्र JAKHANIA (गाज़ीपुर)
CHC DAHGAWAN (BUDAUN),सामुदायिक स्वास्थ्य केंद्र DAHGAWAN (BUDAUN)
CHC GHATPURI (BUDAUN),सामुदायिक स्वास्थ्य केंद्र GHATPURI (BUDAUN)
CHC LODHA (ALIGARH),सामुदायिक स्वास्थ्य केंद्र LODHA (अलीगढ़)
CHC TAMBOUR (SITAPUR),सामुदायिक स्वास्थ्य केंद्र TAMBOUR (सीतापुर)
CHC BABINA (JHANSI),सामुदायिक स्वास्थ्य केंद्र BABINA (झांसी)
CHC QUAZIDEVAR GONDA,सामुदायिक स्वास्थ्य केंद्र QUAZIDEVAR गोण्डा
CHC ASMOLI (SAMBHAL),सामुदायिक स्वास्थ्य केंद्र अस्मोली (सम्भल)
CHC TALBEHAT (JHANSI),सामुदायिक स्वास्थ्य केंद्र TALBEHAT (झांसी)
CHC WAZIRGANJ GONDA,सामुदायिक स्वास्थ्य केंद्र WAZIRGANJ गोण्डा
CHC GOLA (LAKHIMPUR),सामुदायिक स्वास्थ्य केंद्र गोला (लखीमपुर)
CHC SAHADATGANJ (BARABANKI),सामुदायिक स्वास्थ्य केंद्र SAHADATGANJ (बाराबंकी)
CHC NAJIBABAD BIJNOR,सामुदायिक स्वास्थ्य केंद्र नजीबाबाद बिजनौर
CHC KIRATPUR,सामुदायिक स्वास्थ्य केंद्र KIRATPUR
CHC NEHTAUR BIJNOR,सामुदायिक स्वास्थ्य केंद्र NEHTAUR बिजनौर
CHC MAKHIYALI (MUZAFFARNAGAR),सामुदायिक स्वास्थ्य केंद्र MAKHIYALI (मुज़फ्फरनगर)
CHC BAGHRA MUZAFFARNAGAR,सामुदायिक स्वास्थ्य केंद्र BAGHRA मुज़फ्फरनगर
CHC BUDHANA (MUZAFFARNAGAR),सामुदायिक स्वास्थ्य केंद्र बुधाना (मुज़फ्फरनगर)
CHC BARAUT BAGHPAT,सामुदायिक स्वास्थ्य केंद्र BARAUT बागपत
CHC JASWANTNAGAR,सामुदायिक स्वास्थ्य केंद्र JASWANTNAGAR
CHC FATEHPUR,सामुदायिक स्वास्थ्य केंद्र फतेहपुर
CHC PUNWARKA SAHARANPUR,सामुदायिक स्वास्थ्य केंद्र PUNWARKA सहारनपुर
CHC NAKUR (SAHARANPUR),सामुदायिक स्वास्थ्य केंद्र NAKUR (सहारनपुर)
CHC JALESAR (ETAH),सामुदायिक स्वास्थ्य केंद्र JALESAR (एटा)
CHC BIRDHA LALITPUR,सामुदायिक स्वास्थ्य केंद्र BIRDHA ललितपुर
CHC BANSI (SIDDHARTHNAGAR),सामुदायिक स्वास्थ्य केंद्र BANSI (सिद्धार्थ नगर)
CHC LAXMIPUR MAHARAJGANJ,सामुदायिक स्वास्थ्य केंद्र LAXMIPUR महराजगंज
CHC BABHANI (SONBHADRA),सामुदायिक स्वास्थ्य केंद्र बभानी (सोनभद्र)
CHC JALALABAD (SHAHJAHANPUR),सामुदायिक स्वास्थ्य केंद्र जलाबाद (शाहजहाँपुर)
CHC VINOD DIXIT KANNAUJ,सामुदायिक स्वास्थ्य केंद्र VINOD DIXIT कन्नौज
CHC GURSAHAIGANJ (KANNAUJ),सामुदायिक स्वास्थ्य केंद्र GURSAHAIGANJ (कन्नौज)
CHC NAGWA (SONBHADRA),सामुदायिक स्वास्थ्य केंद्र NAGWA (सोनभद्र)
CHC CHOPAN (SONBHADRA),सामुदायिक स्वास्थ्य केंद्र CHOPAN (सोनभद्र)
CHC MADHUPUR (SONBHADRA),सामुदायिक स्वास्थ्य केंद्र MADHUPUR (सोनभद्र)
CHC SHAHGANJ (SONBHADRA),सामुदायिक स्वास्थ्य केंद्र शाहगंज (सोनभद्र)
CHC KUNDARKI (MORADABAD),सामुदायिक स्वास्थ्य केंद्र KUNDARKI (मुरादाबाद)
CHC SOHAWAL (AYODHYA),सामुदायिक स्वास्थ्य केंद्र SOHAWAL (अयोध्या)
CHC GOPALA (MAHARAJGANJ),सामुदायिक स्वास्थ्य केंद्र GOPALA (महराजगंज)
CHC RUDAULI AYODHYA,सामुदायिक स्वास्थ्य केंद्र RUDAULI अयोध्या
CHC MAHEWA (ETAWAH),सामुदायिक स्वास्थ्य केंद्र MAHEWA (इटावा)
CHC BHARTHANA ETAWAH,सामुदायिक स्वास्थ्य केंद्र BHARTHANA इटावा
CHC MAWAI (AYODHYA),सामुदायिक स्वास्थ्य केंद्र MAWAI (अयोध्या)
CHC HANDIA (PRAYAGRAJ),सामुदायिक स्वास्थ्य केंद्र HANDIA (प्रयागराज)
CHC KAUDIHAR (PRAYAGRAJ),सामुदायिक स्वास्थ्य केंद्र KAUDIHAR (प्रयागराज)
CHC SAHJANWA (GORAKHPUR),सामुदायिक स्वास्थ्य केंद्र SAHJANWA (गोरखपुर)
CHC HASAYAN (HATHRAS),सामुदायिक स्वास्थ्य केंद्र HASAYAN (हाथरस)
CHC SHAMLI,सामुदायिक स्वास्थ्य केंद्र शामली
CHC TALGRAM (KANNAUJ),सामुदायिक स्वास्थ्य केंद्र TALGRAM (कन्नौज)
CHC KAMPIL FARRUKHABAD,सामुदायिक स्वास्थ्य केंद्र KAMPIL फर्रुखाबाद
CHC MOHAMMADABAD (FARRUKHABAD),सामुदायिक स्वास्थ्य केंद्र MOHAMMADABAD (फर्रुखाबाद)
CHC JHINJHAK KANPUR DEHAT,सामुदायिक स्वास्थ्य केंद्र JHINJHAK कानपुर DEHAT
CHC SHIVALI (KANPUR DEHAT),सामुदायिक स्वास्थ्य केंद्र SHIVALI (कानपुर DEHAT)
CHC PURWA (UNNAO),सामुदायिक स्वास्थ्य केंद्र PURWA (उन्नाव)
CHC BANGERMAU (UNNAO),सामुदायिक स्वास्थ्य केंद्र BANGERMAU (उन्नाव)
CHC GAJNER (KANPUR DEHAT),सामुदायिक स्वास्थ्य केंद्र GAJNER (कानपुर DEHAT)
CHC NIDHAULI KALAN (ETAH),सामुदायिक स्वास्थ्य केंद्र NIDHAULI कलां (एटा)
CHC SURURPUR KALAN (BAGHPAT),सामुदायिक स्वास्थ्य केंद्र SURURPUR कलां (बागपत)
CHC GAINSARI (BALRAMPUR),सामुदायिक स्वास्थ्य केंद्र GAINSARI (बलरामपुर)
CHC FARIDPUR (BAREILLY),सामुदायिक स्वास्थ्य केंद्र FARIDPUR (बरेली)
CHC DUBAULIA (BASTI),सामुदायिक स्वास्थ्य केंद्र DUBAULIA (बस्ती)
CHC MANDAWAR (BIJNOR),सामुदायिक स्वास्थ्य केंद्र MANDAWAR (बिजनौर)
CHC BHOGWARA (CHANDAULI),सामुदायिक स्वास्थ्य केंद्र BHOGWARA (चंदौली)
CHC DHATA (FATEHPUR),सामुदायिक स्वास्थ्य केंद्र DHATA (फतेहपुर)
CHC PARASPUR (GONDA),सामुदायिक स्वास्थ्य केंद्र PARASPUR (गोण्डा)
CHC PALI (GORAKHPUR),सामुदायिक स्वास्थ्य केंद्र PALI (गोरखपुर)
CHC BARAHI (GORAKHPUR),सामुदायिक स्वास्थ्य केंद्र BARAHI (गोरखपुर)
CHC BARHALGANJ (GORAKHPUR),सामुदायिक स्वास्थ्य केंद्र BARHALGANJ (गोरखपुर)
CHC DHAULANA (HAPUR),सामुदायिक स्वास्थ्य केंद्र DHAULANA (हापुर)
CHC BRIJMANGANJ (MAHARAJGANJ),सामुदायिक स्वास्थ्य केंद्र BRIJMANGANJ (महराजगंज)
CHC HASTINAPUR (MEERUT),सामुदायिक स्वास्थ्य केंद्र HASTINAPUR (मेरठ)
CHC KHATAULI (MUZAFFARNAGAR),सामुदायिक स्वास्थ्य केंद्र KHATAULI (मुज़फ्फरनगर)
CHC BISALPUR (PILIBHIT),सामुदायिक स्वास्थ्य केंद्र BISALPUR (पीलीभीत)
CHC UN (SHAMLI),सामुदायिक स्वास्थ्य केंद्र UN (शामली)
CHC KADIPUR (SULTANPUR),सामुदायिक स्वास्थ्य केंद्र KADIPUR (सुल्तानपुर)
CHC DEOBAND (SAHARANPUR),सामुदायिक स्वास्थ्य केंद्र DEOBAND (सहारनपुर)
CHC BASREHAR (ETAWAH),सामुदायिक स्वास्थ्य केंद्र BASREHAR (इटावा)
CHC TAPPAL (ALIGARH),सामुदायिक स्वास्थ्य केंद्र TAPPAL (अलीगढ़)
CHC JAWAN (ALIGARH),सामुदायिक स्वास्थ्य केंद्र JAWAN (अलीगढ़)
CHC GULAOTHI (BULANDSAHAR),सामुदायिक स्वास्थ्य केंद्र GULAOTHI (BULANDSAHAR)
CHC JAHANGIRABAD (BULANDSAHAR),सामुदायिक स्वास्थ्य केंद्र जहांगीराबाद (BULANDSAHAR)
CHC BB NAGAR (BULANDSAHAR),सामुदायिक स्वास्थ्य केंद्र BB नगर (BULANDSAHAR)
CHC AFZALGARH (BIJNOR),सामुदायिक स्वास्थ्य केंद्र अफजलगढ़ (बिजनौर)
CHC SIAU CHANDPUR (BIJNOR),सामुदायिक स्वास्थ्य केंद्र SIAU चांदपुर (बिजनौर)
CHC DADRI (GAUTAM BUDHA NAGAR),सामुदायिक स्वास्थ्य केंद्र DADRI (GAUTAM BUDHA नगर)
CHC LONI (GHAZIABAD),सामुदायिक स्वास्थ्य केंद्र LONI (गाज़ियाबाद)
CHC VISHESHWARGANJ (BAHRAICH),सामुदायिक स्वास्थ्य केंद्र VISHESHWARGANJ (बहराइच)
CHC NIGHASAN (LAKHIMPUR KHERI),सामुदायिक स्वास्थ्य केंद्र NIGHASAN (लखीमपुर KHERI)
CHC ACHHNERA (AGRA),सामुदायिक स्वास्थ्य केंद्र अछनेरा (आगरा)
CHC BAAH (AGRA),सामुदायिक स्वास्थ्य केंद्र BAAH (आगरा)
CHC GOLA (GORAKHPUR),सामुदायिक स्वास्थ्य केंद्र गोला (गोरखपुर)
CHC ETMADPUR (AGRA),सामुदायिक स्वास्थ्य केंद्र ETMADPUR (आगरा)
CHC PINAHAT (AGRA),सामुदायिक स्वास्थ्य केंद्र PINAHAT (आगरा)
CHC SAIYAN (AGRA),सामुदायिक स्वास्थ्य केंद्र SAIYAN (आगरा)
CHC SIRSAGANJ (FIROZABAD),सामुदायिक स्वास्थ्य केंद्र SIRSAGANJ (फ़िरोज़ाबाद)
CHC HALDHARMAU (GONDA),सामुदायिक स्वास्थ्य केंद्र HALDHARMAU (गोण्डा)
CHC JAHANGIRGANJ (AMBEDKARNAGAR),सामुदायिक स्वास्थ्य केंद्र JAHANGIRGANJ (अंबेडकर नगर)
CHC BAGHPAT,सामुदायिक स्वास्थ्य केंद्र बागपत
CHC CHHAPARAULI (BAGHPAT),सामुदायिक स्वास्थ्य केंद्र CHHAPARAULI (बागपत)
CHC ALIYA (SITAPUR),सामुदायिक स्वास्थ्य केंद्र अलिया (सीतापुर)
CHC PISAWAN (SITAPUR),सामुदायिक स्वास्थ्य केंद्र PISAWAN (सीतापुर)
CHC BIKAPUR (AYODHYA),सामुदायिक स्वास्थ्य केंद्र BIKAPUR (अयोध्या)
CHC BHADAIYA (SULTANPUR),सामुदायिक स्वास्थ्य केंद्र BHADAIYA (सुल्तानपुर)
CHC MAHOLI (SITAPUR),सामुदायिक स्वास्थ्य केंद्र MAHOLI (सीतापुर)
CHC MILKIPUR (AYODHYA),सामुदायिक स्वास्थ्य केंद्र MILKIPUR (अयोध्या)
CHC DUBEPUR (SULTANPUR),सामुदायिक स्वास्थ्य केंद्र DUBEPUR (सुल्तानपुर)
CHC KHANDASA (AYODHYA),सामुदायिक स्वास्थ्य केंद्र KHANDASA (अयोध्या)
CHC BADALPUR (NOIDA),सामुदायिक स्वास्थ्य केंद्र BADALPUR (नोएडा)
CHC MUSAFIRKHANA (AMETHI),सामुदायिक स्वास्थ्य केंद्र MUSAFIRKHANA (अमेठी)
CHC PRATAPPUR KAMAICHA (SULTANPUR),सामुदायिक स्वास्थ्य केंद्र प्रतापपुर KAMAICHA (सुल्तानपुर)
CHC DAKORE (JALAUN),सामुदायिक स्वास्थ्य केंद्र DAKORE (जालौन)
BPHU RANI KI SARAI (AZAMGARH),"बी.पी.एच.यू. रानी की सराय, आजमगढ़"
CHC MAURANIPUR (JHANSI),सामुदायिक स्वास्थ्य केंद्र MAURANIPUR (झांसी)
CHC TUNDLA (FIROZABAD),सामुदायिक स्वास्थ्य केंद्र TUNDLA (फ़िरोज़ाबाद)
CHC MUSKARA (HAMIRPUR),सामुदायिक स्वास्थ्य केंद्र MUSKARA (हमीरपुर)
CHC NADIGAON (JALAUN),सामुदायिक स्वास्थ्य केंद्र NADIGAON (जालौन)
CHC SANGRAMPUR (AMETHI),सामुदायिक स्वास्थ्य केंद्र SANGRAMPUR (अमेठी)
CHC KOILSA (AZAMGARH),सामुदायिक स्वास्थ्य केंद्र KOILSA (आजमगढ़)
CHC SHAHABAD (RAMPUR),सामुदायिक स्वास्थ्य केंद्र शाहाबाद (रामपुर)
CHC BEWANA (AMBEDKARNAGAR),सामुदायिक स्वास्थ्य केंद्र BEWANA (अंबेडकर नगर)
CHC SHRIDUTTGANJ (BALRAMPUR),सामुदायिक स्वास्थ्य केंद्र SHRIDUTTGANJ (बलरामपुर)
CHC GAJOKHAR (VARANASI),सामुदायिक स्वास्थ्य केंद्र GAJOKHAR (वाराणसी)
CHC BHITI (AMBEDKARNAGAR),सामुदायिक स्वास्थ्य केंद्र BHITI (अंबेडकर नगर)
CHC NANDNAGAR (BALRAMPUR),सामुदायिक स्वास्थ्य केंद्र NANDNAGAR (बलरामपुर)
CHC BAZAR SHUKUL (AMETHI),सामुदायिक स्वास्थ्य केंद्र बाजार SHUKUL (अमेठी)
CHC SANDILA (HARDOI),सामुदायिक स्वास्थ्य केंद्र SANDILA (हरदोई)
CHC AKBARPUR (AMBEDKARNAGAR),सामुदायिक स्वास्थ्य केंद्र अकबरपुर (अंबेडकर नगर)
CHC KASGANJ,सामुदायिक स्वास्थ्य केंद्र कासगंज
CHC COLONELGANJ (GONDA),सामुदायिक स्वास्थ्य केंद्र COLONELGANJ (गोण्डा)
CHC KHAIRABAD (SITAPUR),सामुदायिक स्वास्थ्य केंद्र KHAIRABAD (सीतापुर)
CHC GANGIRI (ALIGARH),सामुदायिक स्वास्थ्य केंद्र GANGIRI (अलीगढ़)
CHC SORON (KASGANJ),सामुदायिक स्वास्थ्य केंद्र SORON (कासगंज)
CHC MURSAN (HATHRAS),सामुदायिक स्वास्थ्य केंद्र MURSAN (हाथरस)
CHC SADABAD (HATHRAS),सामुदायिक स्वास्थ्य केंद्र SADABAD (हाथरस)
CHC KOLHUKHOR (AZAMGARH),सामुदायिक स्वास्थ्य केंद्र KOLHUKHOR (आजमगढ़)
CHC JALALI (ALIGARH),सामुदायिक स्वास्थ्य केंद्र JALALI (अलीगढ़)
CHC ATRAULIYA (AZAMGARH),सामुदायिक स्वास्थ्य केंद्र अतरौलिया (आजमगढ़)
PHC BAZARDIHA (VARANASI),"कासगंजप्राथमिक स्वास्थ्य केंद्र, वाराणसीबाजारदीहा"
CHC HASANPUR (AMROHA),सामुदायिक स्वास्थ्य केंद्र HASANPUR (अमरोहा)
CHC KOTHAWAN (HARDOI),सामुदायिक स्वास्थ्य केंद्र KOTHAWAN (हरदोई)
CHC TADIYAWAN (HARDOI),सामुदायिक स्वास्थ्य केंद्र TADIYAWAN (हरदोई)
CHC MISHRIKH (SITAPUR),सामुदायिक स्वास्थ्य केंद्र MISHRIKH (सीतापुर)
CHC KUAN DANDA (BAREILLY),सामुदायिक स्वास्थ्य केंद्र KUAN DANDA (बरेली)
CHC DUDAHI (KUSHINAGAR),सामुदायिक स्वास्थ्य केंद्र DUDAHI (कुशीनगर)
CHC PARSENDI (SITAPUR),सामुदायिक स्वास्थ्य केंद्र PARSENDI (सीतापुर)
CHC JAITIPUR (SHAHJAHANPUR),सामुदायिक स्वास्थ्य केंद्र JAITIPUR (शाहजहाँपुर)
CHC RAMPUR MATHURA (SITAPUR),सामुदायिक स्वास्थ्य केंद्र रामपुर मथुरा (सीतापुर)
CHC SAWAIJPUR (HARDOI),सामुदायिक स्वास्थ्य केंद्र SAWAIJPUR (हरदोई)
CHC JUNAWAI (SAMBHAL),सामुदायिक स्वास्थ्य केंद्र JUNAWAI (सम्भल)
CHC HARPALPUR (HARDOI),सामुदायिक स्वास्थ्य केंद्र HARPALPUR (हरदोई)
CHC NEEMSAR (SITAPUR),सामुदायिक स्वास्थ्य केंद्र NEEMSAR (सीतापुर)
CHC GAURI BAZAR (DEORIA),सामुदायिक स्वास्थ्य केंद्र GAURI बाजार (देवरिया)
CHC TARKULWA (DEORIA),सामुदायिक स्वास्थ्य केंद्र TARKULWA (देवरिया)
CHC BAWAN (HARDOI),सामुदायिक स्वास्थ्य केंद्र BAWAN (हरदोई)
CHC LAHARPUR (SITAPUR),सामुदायिक स्वास्थ्य केंद्र LAHARPUR (सीतापुर)
CHC JIYANPUR (AZAMGARH),सामुदायिक स्वास्थ्य केंद्र JIYANPUR (आजमगढ़)
CHC FATEHPUR MANDAO (MAU),सामुदायिक स्वास्थ्य केंद्र फतेहपुर MANDAO (मऊ)
CHC TILHAR (SHAHJAHANPUR),सामुदायिक स्वास्थ्य केंद्र TILHAR (शाहजहाँपुर)
CHC DADRAUL (SHAHJAHANPUR),सामुदायिक स्वास्थ्य केंद्र DADRAUL (शाहजहाँपुर)
CHC BABHANJOT (GONDA),सामुदायिक स्वास्थ्य केंद्र BABHANJOT (गोण्डा)
CHC MOTICHAK (KUSHINAGAR),सामुदायिक स्वास्थ्य केंद्र MOTICHAK (कुशीनगर)
CHC BHIYAON (AMBEDKARNAGAR),सामुदायिक स्वास्थ्य केंद्र BHIYAON (अंबेडकर नगर)
CHC MUNDHA PANDEY (MORADABAD),सामुदायिक स्वास्थ्य केंद्र MUNDHA PANDEY (मुरादाबाद)
CHC BENI SINGH AWASTHI (KANPURNAGAR),सामुदायिक स्वास्थ्य केंद्र BENI SINGH AWASTHI (KANPURNAGAR)
CHC SONAI (MATHURA),सामुदायिक स्वास्थ्य केंद्र SONAI (मथुरा)
CHC RURA (KANPUR DEHAT),सामुदायिक स्वास्थ्य केंद्र RURA (कानपुर DEHAT)
CHC RASOOLABAD (KANPUR DEHAT),सामुदायिक स्वास्थ्य केंद्र RASOOLABAD (कानपुर DEHAT)
CHC BITHOOR (KANPUR),सामुदायिक स्वास्थ्य केंद्र BITHOOR (कानपुर)
CHC SARAIPEETHA DHANUPUR (PRAYAGRAJ),सामुदायिक स्वास्थ्य केंद्र SARAIPEETHA DHANUPUR (प्रयागराज)
CHC HARGAON (SITAPUR),सामुदायिक स्वास्थ्य केंद्र HARGAON (सीतापुर)
CHC TILOI (AMETHI),सामुदायिक स्वास्थ्य केंद्र TILOI (अमेठी)
CHC SINGHPUR (AMETHI),सामुदायिक स्वास्थ्य केंद्र SINGHPUR (अमेठी)
CHC SEORAHI (KUSHINAGAR),सामुदायिक स्वास्थ्य केंद्र SEORAHI (कुशीनगर)
CHC TAMKUHI RAJ (KUSHINAGAR),सामुदायिक स्वास्थ्य केंद्र TAMKUHI RAJ (कुशीनगर)
CHC KATRA BAZAR (GONDA),सामुदायिक स्वास्थ्य केंद्र कटरा बाजार (गोण्डा)
CHC NARWAL (TAUS) KANPUR NAGAR,सामुदायिक स्वास्थ्य केंद्र NARWAL (TAUS)
CHC GONDLAMAU (SITAPUR),सामुदायिक स्वास्थ्य केंद्र GONDLAMAU (सीतापुर)
CHC AHIRORI (HARDOI),सामुदायिक स्वास्थ्य केंद्र अहिरोरी (हरदोई)
CHC SHAHGARH (AMETHI),सामुदायिक स्वास्थ्य केंद्र SHAHGARH (अमेठी)
CHC HARAKPUR (PRAYAGRAJ),सामुदायिक स्वास्थ्य केंद्र HARAKPUR (प्रयागराज)
CHC JIGANI (AZAMGARH),सामुदायिक स्वास्थ्य केंद्र JIGANI (आजमगढ़)
CHC BARDAH (AZAMGARH),सामुदायिक स्वास्थ्य केंद्र BARDAH (आजमगढ़)
CHC BARUASAGAR (JHANSI),सामुदायिक स्वास्थ्य केंद्र BARUASAGAR (झांसी)
CHC BANGRA (JHANSI),सामुदायिक स्वास्थ्य केंद्र BANGRA (झांसी)
CHC BILHAUR (KANPUR),सामुदायिक स्वास्थ्य केंद्र BILHAUR (कानपुर)
CHC SIKANDRA (KANPUR DEHAT),सामुदायिक स्वास्थ्य केंद्र SIKANDRA (कानपुर DEHAT)
CHC HAWASPUR (KANPUR DEHAT),सामुदायिक स्वास्थ्य केंद्र HAWASPUR (कानपुर DEHAT)
CHC PRITHVIGANJ (PRATAPGARH),सामुदायिक स्वास्थ्य केंद्र पृथ्वीगंज (प्रतापगढ़)
CHC SUKHPALNAGAR (PRATAPGARH),सामुदायिक स्वास्थ्य केंद्र SUKHPALNAGAR (प्रतापगढ़)
CHC MADHOGANJ (HARDOI),सामुदायिक स्वास्थ्य केंद्र MADHOGANJ (हरदोई)
CHC MALLAWAN (HARDOI),सामुदायिक स्वास्थ्य केंद्र MALLAWAN (हरदोई)
CHC SWAR (RAMPUR),सामुदायिक स्वास्थ्य केंद्र SWAR (रामपुर)
CHC MADHOGARH (JALAUN),सामुदायिक स्वास्थ्य केंद्र MADHOGARH (जालौन)
CHC KONCH (JALAUN),सामुदायिक स्वास्थ्य केंद्र KONCH (जालौन)
PHC RAJPUR (KANPUR DEHAT),"अहिरोरीप्राथमिक स्वास्थ्य केंद्र, कानपुर देहातराजपुर"
CHC MACHHREHTA (SITAPUR),सामुदायिक स्वास्थ्य केंद्र MACHHREHTA (सीतापुर)
CHC KALPI (JALAUN),सामुदायिक स्वास्थ्य केंद्र KALPI (जालौन)
CHC KADAURA (JALAUN),सामुदायिक स्वास्थ्य केंद्र KADAURA (जालौन)
CHC CHAUBEYPUR (KANPUR),सामुदायिक स्वास्थ्य केंद्र CHAUBEYPUR (कानपुर)
CHC SHIVRAJPUR (KANPUR NAGAR),सामुदायिक स्वास्थ्य केंद्र SHIVRAJPUR (कानपुर नगर)
CHC SIYANA (BULANDSHAHAR),सामुदायिक स्वास्थ्य केंद्र SIYANA (बुलंदशहर)
CHC SURSA (HARDOI),सामुदायिक स्वास्थ्य केंद्र SURSA (हरदोई)
CHC HARIYAWAN (HARDOI),सामुदायिक स्वास्थ्य केंद्र HARIYAWAN (हरदोई)
CHC GURSARAI (JHANSI),सामुदायिक स्वास्थ्य केंद्र GURSARAI (झांसी)
CHC GARAUTHA (JHANSI),सामुदायिक स्वास्थ्य केंद्र GARAUTHA (झांसी)
CHC NEBUA NAURANGIA (KUSHINAGAR),सामुदायिक स्वास्थ्य केंद्र NEBUA NAURANGIA (कुशीनगर)
CHC MAREHRA (ETAH),सामुदायिक स्वास्थ्य केंद्र MAREHRA (एटा)
CHC MUHAMMADABAD GOHNA (MAU),सामुदायिक स्वास्थ्य केंद्र मुहम्मदाबाद GOHNA (मऊ)
CHC BAGWALA (ETAH),सामुदायिक स्वास्थ्य केंद्र BAGWALA (एटा)
CHC SAPAHA (KUSHINAGAR),सामुदायिक स्वास्थ्य केंद्र SAPAHA (कुशीनगर)
CHC CHARKHARI (MAHOBA),सामुदायिक स्वास्थ्य केंद्र CHARKHARI (महोबा)
CHC KULPAHAR (MAHOBA),सामुदायिक स्वास्थ्य केंद्र KULPAHAR (महोबा)
CHC REUSA (SITAPUR),सामुदायिक स्वास्थ्य केंद्र REUSA (सीतापुर)
CHC MASODHA (AYODHYA),सामुदायिक स्वास्थ्य केंद्र MASODHA (अयोध्या)
CHC HAIDERGANJ (AYODHYA),सामुदायिक स्वास्थ्य केंद्र HAIDERGANJ (अयोध्या)
CHC TARUN (AYODHYA),सामुदायिक स्वास्थ्य केंद्र TARUN (अयोध्या)
CHC PIPRAULI (GORAKHPUR),सामुदायिक स्वास्थ्य केंद्र PIPRAULI (गोरखपुर)
CHC KHALILABAD (SANTKABIR NAGAR),सामुदायिक स्वास्थ्य केंद्र KHALILABAD (SANTKABIR नगर)
CHC RAHRA (AMROHA),सामुदायिक स्वास्थ्य केंद्र RAHRA (अमरोहा)
CHC SANGRAMGARH(PRATAPGARH),सामुदायिक स्वास्थ्य केंद्र SANGRAMGARH (प्रतापगढ़)
CHC LALGANJ (PRATAPGARH),सामुदायिक स्वास्थ्य केंद्र लालगंज (प्रतापगढ़)
CHC DHARUPUR (PRATAPGARH),सामुदायिक स्वास्थ्य केंद्र DHARUPUR (प्रतापगढ़)
CHC KALYANPUR (KANPUR NAGAR),सामुदायिक स्वास्थ्य केंद्र KALYANPUR (कानपुर नगर)
CHC BANSGAON (GORAKHPUR),सामुदायिक स्वास्थ्य केंद्र BANSGAON (गोरखपुर)
CHC PATARA (KANPUR NAGAR),सामुदायिक स्वास्थ्य केंद्र PATARA (कानपुर नगर)
PHC KAURIRAM (GORAKHPUR),"चौबेपुरप्राथमिक स्वास्थ्य केंद्र, गोरखपुरकौरीराम"
CHC GAGAHA (GORAKHPUR),सामुदायिक स्वास्थ्य केंद्र GAGAHA (गोरखपुर)
CHC IGLAS (ALIGARH),सामुदायिक स्वास्थ्य केंद्र IGLAS (अलीगढ़)
CHC SIHORIYA (GORAKHPUR),सामुदायिक स्वास्थ्य केंद्र SIHORIYA (गोरखपुर)
CHC MAHRONI (LALITPUR),सामुदायिक स्वास्थ्य केंद्र MAHRONI (ललितपुर)
CHC MAJHWARA (MAU),सामुदायिक स्वास्थ्य केंद्र MAJHWARA (मऊ)
CHC BIDHNU (KANPUR NAGAR),सामुदायिक स्वास्थ्य केंद्र BIDHNU (कानपुर नगर)
CHC NANPARA (BAHRAICH),सामुदायिक स्वास्थ्य केंद्र NANPARA (बहराइच)
CHC BARIPAL (KANPUR NAGAR),सामुदायिक स्वास्थ्य केंद्र BARIPAL (कानपुर नगर)
CHC MAJHAWAN (KANPUR NAGAR),सामुदायिक स्वास्थ्य केंद्र MAJHAWAN (कानपुर नगर)
CHC KOPAGANJ (MAU),सामुदायिक स्वास्थ्य केंद्र KOPAGANJ (मऊ)
CHC SHIVPUR (BAHRAICH),सामुदायिक स्वास्थ्य केंद्र शिवपुर (बहराइच)
CHC GHUGHULI (MAHARAJGANJ),सामुदायिक स्वास्थ्य केंद्र GHUGHULI (महराजगंज)
CHC KAKWAN (KANPUR NAGAR),सामुदायिक स्वास्थ्य केंद्र KAKWAN (कानपुर नगर)
CHC MAYA BAZAR (AYODHYA),सामुदायिक स्वास्थ्य केंद्र MAYA बाजार (अयोध्या)
CHC MALHIPUR (SHRAWASTI),सामुदायिक स्वास्थ्य केंद्र MALHIPUR (SHRAWASTI)
CHC SIRSIYA (SHRAVASTHI),सामुदायिक स्वास्थ्य केंद्र सिरसिया (SHRAVASTHI)
CHC NATHNAGAR (SANT KABIR NAGAR),सामुदायिक स्वास्थ्य केंद्र NATHNAGAR (संत कबीर नगर)
CHC AMARIA (PILIBHIT),सामुदायिक स्वास्थ्य केंद्र अमरिया (पीलीभीत)
CHC MITHAURA (MAHARJGANJ),सामुदायिक स्वास्थ्य केंद्र MITHAURA (MAHARJGANJ)
CHC BESWAN (ALIGARH),सामुदायिक स्वास्थ्य केंद्र BESWAN (अलीगढ़)
CHC BILASPUR (RAMPUR),सामुदायिक स्वास्थ्य केंद्र BILASPUR (रामपुर)
CHC SAIFAI (ETAWAH),सामुदायिक स्वास्थ्य केंद्र SAIFAI (इटावा)
CHC SARSAI NAWAR (ETAWAH),सामुदायिक स्वास्थ्य केंद्र SARSAI NAWAR (इटावा)
CHC RATANPURA (MAU),सामुदायिक स्वास्थ्य केंद्र RATANPURA (मऊ)
CHC IKAUNA (SHRAVASTI),सामुदायिक स्वास्थ्य केंद्र IKAUNA (श्रावस्ती)
CHC HAISAR BAZAR (SANT KABIR NAGAR),सामुदायिक स्वास्थ्य केंद्र HAISAR बाजार (संत कबीर नगर)
CHC MITAULI (LAKHIMPUR),सामुदायिक स्वास्थ्य केंद्र MITAULI (लखीमपुर)
CHC DHINDHUI (PRATAPGARH),सामुदायिक स्वास्थ्य केंद्र DHINDHUI (प्रतापगढ़)
CHC NARAYANPUR (PRATAPGARH),सामुदायिक स्वास्थ्य केंद्र NARAYANPUR (प्रतापगढ़)
CHC BHITARGAON (KANPUR NAGAR),सामुदायिक स्वास्थ्य केंद्र BHITARGAON (कानपुर नगर)
CHC RANIPUR (MAU),सामुदायिक स्वास्थ्य केंद्र रानीपुर (मऊ)
UPHC PANIYARA (MAHARAJGANJ),"सिहोरियायू.पी.एच.सी. पनियारा, महराजगंजमहरोनी"
CHC AMARGARH (PRATAPGARH),सामुदायिक स्वास्थ्य केंद्र अमरगढ़ (प्रतापगढ़)
CHC KOHANDAUR (PRATAPGARH),सामुदायिक स्वास्थ्य केंद्र KOHANDAUR (प्रतापगढ़)
CHC SANTHA (LOHARSAN) SANT KABIRNAGAR,सामुदायिक स्वास्थ्य केंद्र SANTHA (LOHARSAN)
CHC PHARDHAN (LAKHIMPUR),सामुदायिक स्वास्थ्य केंद्र PHARDHAN (लखीमपुर)
CHC BAHERI (Banda),सामुदायिक स्वास्थ्य केंद्र बहेरी (बाँदा)
CHC ATARRA (BANDA),सामुदायिक स्वास्थ्य केंद्र अतर्रा (बाँदा)
CHC BEHJAM (LAKHIMPUR),सामुदायिक स्वास्थ्य केंद्र BEHJAM (लखीमपुर)
CHC SALEMPUR (DEORIA),सामुदायिक स्वास्थ्य केंद्र सलेमपुर (देवरिया)
CHC BHATNI (DEORIA),सामुदायिक स्वास्थ्य केंद्र BHATNI (देवरिया)
CHC BELKHARNATH (PRATAPGARH),सामुदायिक स्वास्थ्य केंद्र BELKHARNATH (प्रतापगढ़)
CHC GAURA (PRATAPGARH),सामुदायिक स्वास्थ्य केंद्र GAURA (प्रतापगढ़)
CHC SANGIPUR (PRATAPGARH),सामुदायिक स्वास्थ्य केंद्र SANGIPUR (प्रतापगढ़)
CHC NAKAHA (LAKHIMPUR),सामुदायिक स्वास्थ्य केंद्र NAKAHA (लखीमपुर)
CHC KHAMARIA (LAKHIMPUR),सामुदायिक स्वास्थ्य केंद्र KHAMARIA (लखीमपुर)
CHC DEEGH (BHADOHI),सामुदायिक स्वास्थ्य केंद्र DEEGH (भदोही)
CHC GOPIGANJ (BHADOHI),सामुदायिक स्वास्थ्य केंद्र गोपीगंज (भदोही)
CHC AURAI (BHADOHI),सामुदायिक स्वास्थ्य केंद्र AURAI (भदोही)
CHC Bankeyganj (Lakhimpur Kheri),सामुदायिक स्वास्थ्य केंद्र BANKEYGANJ (लखीमपुर KHERI)
CHC MAHRAJGANJ (AZAMGARH),सामुदायिक स्वास्थ्य केंद्र MAHRAJGANJ (आजमगढ़)
CHC MUNDERWA (BASTI),सामुदायिक स्वास्थ्य केंद्र MUNDERWA (बस्ती)
CHC LATGHAT (AZAMGARH),सामुदायिक स्वास्थ्य केंद्र LATGHAT (आजमगढ़)
CHC NAUTANWA (MAHARAJGANJ),सामुदायिक स्वास्थ्य केंद्र NAUTANWA (महराजगंज)
CHC RATANPUR MAHARAJGANJ),सामुदायिक स्वास्थ्य केंद्र रतनपुर महराजगंज)
CHC SEMARIYAWAN,सामुदायिक स्वास्थ्य केंद्र SEMARIYAWAN
CHC DILARI (MORADABAD),सामुदायिक स्वास्थ्य केंद्र DILARI (मुरादाबाद)
CHC ADDA BAZAR (MAHARAJGANJ),सामुदायिक स्वास्थ्य केंद्र अड्डा बाजार (महराजगंज)
CHC RANIGANJ (PRATAPGARH),सामुदायिक स्वास्थ्य केंद्र RANIGANJ (प्रतापगढ़)
CHC ANUPSHAHR (BULANDSHAHR),सामुदायिक स्वास्थ्य केंद्र अनूपशहर (BULANDSHAHR)
CHC ALIGANJ (ETAH),सामुदायिक स्वास्थ्य केंद्र अलीगंज (एटा)
PHC BHATPAR RANI (DEORIA),"प्राथमिक स्वास्थ्य केंद्र, भटपार रानी, देवरिया"
CHC MUBARAKPUR (AZAMGARH),सामुदायिक स्वास्थ्य केंद्र MUBARAKPUR (आजमगढ़)
CHC MODINAGAR,सामुदायिक स्वास्थ्य केंद्र MODINAGAR
CHC RUDHAULI (BASTI),सामुदायिक स्वास्थ्य केंद्र RUDHAULI (बस्ती)
CHC DUBHAR BALLIA,सामुदायिक स्वास्थ्य केंद्र DUBHAR बलिया
PHC BADAGAON (VARANASI),"प्राथमिक स्वास्थ्य केंद्र, बडगांव, वाराणसी"
PHC CHARGAWA (GORAKHPUR),"प्राथमिक स्वास्थ्य केंद्र, चरगावा, गोरखपुर"
CHC MAHESHGANJ (PRATAPGARH),सामुदायिक स्वास्थ्य केंद्र MAHESHGANJ (प्रतापगढ़)
CHC BAGHRAI (PRATAPGARH),सामुदायिक स्वास्थ्य केंद्र BAGHRAI (प्रतापगढ़)
CHC RANI KI SARAI (AZAMGARH),सामुदायिक स्वास्थ्य केंद्र RANI KI सराय (आजमगढ़)
CHC SAUNGHAT (BASTI),सामुदायिक स्वास्थ्य केंद्र SAUNGHAT (बस्ती)
CHC SEOHARA (BIJNOR),सामुदायिक स्वास्थ्य केंद्र SEOHARA (बिजनौर)
CHC CHURTHARA AWAGARH (ETAH),सामुदायिक स्वास्थ्य केंद्र CHURTHARA AWAGARH (एटा)
CHC Sandwa Chandrika (Pratapgarh),सामुदायिक स्वास्थ्य केंद्र संडवा CHANDRIKA (प्रतापगढ़)
CHC BELGHAT (GORAKHPUR),सामुदायिक स्वास्थ्य केंद्र बेलघाट (गोरखपुर)
CHC URUWA (GORAKHPUR),सामुदायिक स्वास्थ्य केंद्र उरुवा (गोरखपुर)
CHC NAGINA (BIJNOR),सामुदायिक स्वास्थ्य केंद्र नगीना (बिजनौर)
CHC LALGANJ (AZAMGARH),सामुदायिक स्वास्थ्य केंद्र लालगंज (आजमगढ़)
CHC BEHAT (SAHARANPUR),सामुदायिक स्वास्थ्य केंद्र बेहट (सहारनपुर)
CHC MEHNAJPUR (AZAMGARH),सामुदायिक स्वास्थ्य केंद्र मेहनाजपुर (आजमगढ़)
CHC MOHAMMADPUR (AZAMGARH),सामुदायिक स्वास्थ्य केंद्र मोहम्मदपुर (आजमगढ़)
CHC BARHAJ (Deoria),सामुदायिक स्वास्थ्य केंद्र बरहज (देवरिया)
CHC Katra (Shahjahanpur),सामुदायिक स्वास्थ्य केंद्र कटरा (शाहजहाँपुर)
CHC MAWANA (MEERUT),सामुदायिक स्वास्थ्य केंद्र मवाना (मेरठ)
CHC Rudrapur (Deoria),सामुदायिक स्वास्थ्य केंद्र रुद्रपुर (देवरिया)
CHC CHIRGAON (JHANSI),सामुदायिक स्वास्थ्य केंद्र चिरगांव (झांसी)
CHC Harraiya (Basti),सामुदायिक स्वास्थ्य केंद्र हर्रैया (बस्ती)
chc-hariya,"सामुदायिक स्वास्थ्य केंद्र, हरिया"
chc-parshurampur,"हरियासामुदायिक स्वास्थ्य केंद्र, परशुरामपुर"
CHC Martinganj  (Azamgarh),सामुदायिक स्वास्थ्य केंद्र मार्टिंगंज (आजमगढ़)
CHC Kushalgaon (Azamgarh),सामुदायिक स्वास्थ्य केंद्र कुशलगांव (आजमगढ़)
CHC Sahaswan (BADAUN),सामुदायिक स्वास्थ्य केंद्र सहसवान (बदायूं)
CHC UJHANI  (BADAUN),सामुदायिक स्वास्थ्य केंद्र उझानी (बदायूं)
CHA BARSANA (MATHURA),"उझानीसामुदायिक स्वास्थ्य केंद्र, )बार"
CHC MEERGANJ (BAREILLY),सामुदायिक स्वास्थ्य केंद्र मीरगंज (बरेली)
CHC BHAMORA (BAREILLY),सामुदायिक स्वास्थ्य केंद्र BHAMORA (बरेली)
CHC PHOOL BEHAD (LAKHIMPUR KHEERI),सामुदायिक स्वास्थ्य केंद्र फूल BEHAD (लखीमपुर KHEERI)
CHC MIRZAPUR (AZAMGARH),सामुदायिक स्वास्थ्य केंद्र मिर्ज़ापुर (आजमगढ़)
CHC HARAIYA  (AZAMGARH),सामुदायिक स्वास्थ्य केंद्र HARAIYA (आजमगढ़)
CHC PALIA (LAKHIMPUR KHEERI),सामुदायिक स्वास्थ्य केंद्र पलिया (लखीमपुर KHEERI)
CHC BIJUA (LAKHIMPUR KHEERI),सामुदायिक स्वास्थ्य केंद्र BIJUA (लखीमपुर KHEERI)
CHC DHAURAHARA (LAKHIMPUR KHEERI),सामुदायिक स्वास्थ्य केंद्र धौरहरा (लखीमपुर KHEERI)
CHC MOHAMMDI (LAKHIMPUR KHEERI),सामुदायिक स्वास्थ्य केंद्र मोहम्मदी (लखीमपुर KHEERI)
CHC PASSIGAWAN (LAKHIMPUR KHEERI),सामुदायिक स्वास्थ्य केंद्र पस्सीगांव (लखीमपुर KHEERI)
CHC RAMIYA BEHAR (LAKHIMPUR KHEERI),सामुदायिक स्वास्थ्य केंद्र RAMIYA BEHAR (लखीमपुर KHEERI)
CHC PHOOLPUR (AZAMGARH),सामुदायिक स्वास्थ्य केंद्र फूलपुर (आजमगढ़)
CHC PAWAI  (AZAMGARH),सामुदायिक स्वास्थ्य केंद्र पवाई (आजमगढ़)
CHC AHIRAULLA  (AZAMGARH),सामुदायिक स्वास्थ्य केंद्र अहिरौला (आजमगढ़)
CHC PARASHURAMPUR   (AZAMGARH),सामुदायिक स्वास्थ्य केंद्र PARASHURAMPUR (आजमगढ़)
CHC BHADOHI (BHADOHI),सामुदायिक स्वास्थ्य केंद्र भदोही (भदोही)
CHC SURIYAWAN (BHADOHI),सामुदायिक स्वास्थ्य केंद्र सुरियावां (भदोही)
CHC DURGAGANJ (ABHOLI) (BHADOHI),सामुदायिक स्वास्थ्य केंद्र दुर्गागंज (ABHOLI)
CHC KANELI (KAUSHAMBI),सामुदायिक स्वास्थ्य केंद्र कनेली (कौशाम्बी)
CHC ISMAILPUR (KAUSHAMBI),सामुदायिक स्वास्थ्य केंद्र इस्माइलपुर (कौशाम्बी)
CHC SONVARSA (BALIA),सामुदायिक स्वास्थ्य केंद्र सोनवरसा (BALIA)
CHC SONWANI (BALIA),सामुदायिक स्वास्थ्य केंद्र सोनवानी (BALIA)
CHC REOTI (BALIA),सामुदायिक स्वास्थ्य केंद्र रेओती (BALIA)
CHC RASRA (BALIA),सामुदायिक स्वास्थ्य केंद्र रसरा (BALIA)
CHC NARHI (BALIA),सामुदायिक स्वास्थ्य केंद्र नरही (BALIA)
CHC MANT (MATHURA),सामुदायिक स्वास्थ्य केंद्र मांट (मथुरा)
CHC PARASHRAMPUR (BASTI),सामुदायिक स्वास्थ्य केंद्र PARASHRAMPUR (बस्ती)
CHC BALDEV (MATHURA),सामुदायिक स्वास्थ्य केंद्र बलदेव (मथुरा)
CHC KOSI KALAN (MATHURA),सामुदायिक स्वास्थ्य केंद्र कोसी कलां (मथुरा)
CHC CHAUMUHAN (MATHURA),सामुदायिक स्वास्थ्य केंद्र CHAUMUHAN (मथुरा)
CHC BATRAULI (DEORIA),सामुदायिक स्वास्थ्य केंद्र बटरौली (देवरिया)
CHC KARHAL (MAINPURI),सामुदायिक स्वास्थ्य केंद्र करहल (मैनपुरी)
CHC RAMPUR MANIHARAN  (SAHARANPUR),सामुदायिक स्वास्थ्य केंद्र रामपुर MANIHARAN (सहारनपुर)
CHC SARSAWA (SAHARANPUR),सामुदायिक स्वास्थ्य केंद्र सरसावा (सहारनपुर)
CHC PANWASA (SAMBHAL),सामुदायिक स्वास्थ्य केंद्र पनवासा (सम्भल)
CHC NARAULI (SAMBHAL),सामुदायिक स्वास्थ्य केंद्र नरौली (सम्भल)
CHC SAMTHAR (JHANSI),सामुदायिक स्वास्थ्य केंद्र SAMTHAR (झांसी)
CHC RANIPUR (JHANSI),सामुदायिक स्वास्थ्य केंद्र रानीपुर (झांसी)
CHC JAKHAURA (LALITPUR),सामुदायिक स्वास्थ्य केंद्र जखौरा (ललितपुर)
CHC MAUDAHA (HAMIRPUR),सामुदायिक स्वास्थ्य केंद्र मौदहा (हमीरपुर)
CHC NAURANGA (HAMIRPUR),सामुदायिक स्वास्थ्य केंद्र नौरंगा (हमीरपुर)
CHC HAPUR (HAPUR),सामुदायिक स्वास्थ्य केंद्र हापुर (हापुर)
CHC PILKHUWA (HAPUR),सामुदायिक स्वास्थ्य केंद्र पिलखुवा (हापुर)
CHC FATEHGANJ WEST (BAREILLY),सामुदायिक स्वास्थ्य केंद्र फतेहगंज WEST (बरेली)
CHC BAKSHA AT NAUPERWA (JAUNPUR),सामुदायिक स्वास्थ्य केंद्र BAKSHA पर नौपरवा (जौनपुर)
CHC BARSATHI (JAUNPUR),सामुदायिक स्वास्थ्य केंद्र बरसाठी (जौनपुर)
CHC BAR (LALITPUR),सामुदायिक स्वास्थ्य केंद्र बार (ललितपुर)
CHC CHAANI (HAMIRPUR),सामुदायिक स्वास्थ्य केंद्र चानी (हमीरपुर)
CHC CHANDAN CHAWKI (LAKHIMPUR KHEERI),सामुदायिक स्वास्थ्य केंद्र CHANDAN CHAWKI (लखीमपुर KHEERI)
CHC DHAMPUR (BIJNOR),सामुदायिक स्वास्थ्य केंद्र धामपुर (बिजनौर)
CHC DHARAMPUR AT CHORSAND (JAUNPUR),सामुदायिक स्वास्थ्य केंद्र धरमपुर पर CHORSAND (जौनपुर)
CHC GADWARA (PRATAPGARH),सामुदायिक स्वास्थ्य केंद्र गडवारा (प्रतापगढ़)
CHC GOHAND (HAMIRPUR),सामुदायिक स्वास्थ्य केंद्र गोहंद (हमीरपुर)
CHC HARIPUR VARDAITA (PRATAPGARH),सामुदायिक स्वास्थ्य केंद्र हरिपुर VARDAITA (प्रतापगढ़)
CHC IMLIYAPUR (HAMIRPUR),सामुदायिक स्वास्थ्य केंद्र इमलियापुर (हमीरपुर)
CHC JASPURA (BANDA),सामुदायिक स्वास्थ्य केंद्र JASPURA (बाँदा)
CHC KABRAI (MAHOBA),सामुदायिक स्वास्थ्य केंद्र कबराई (महोबा)
CHC KAHLA (PRATAPGARH),सामुदायिक स्वास्थ्य केंद्र कहला (प्रतापगढ़)
CHC KHAREELA (MAHOBA),सामुदायिक स्वास्थ्य केंद्र खरीला (महोबा)
CHC MANDA (PRAYAGRAJ),सामुदायिक स्वास्थ्य केंद्र MANDA (प्रयागराज)
CHC MANDHATA (PRATAPGARH),सामुदायिक स्वास्थ्य केंद्र मंढता (प्रतापगढ़)
CHC MAUAIMA (PRAYAGRAJ),सामुदायिक स्वास्थ्य केंद्र मौआइमा (प्रयागराज)
CHC RAMNAGAR (PRAYAGRAJ),सामुदायिक स्वास्थ्य केंद्र रामनगर (प्रयागराज)
CHC SALEMPUR (KANPUR DEHAT),सामुदायिक स्वास्थ्य केंद्र सलेमपुर (कानपुर DEHAT)
CHC SARILA (HAMIRPUR),सामुदायिक स्वास्थ्य केंद्र सरिला (हमीरपुर)
CHC SHANKARGARH (PRAYAGRAJ),सामुदायिक स्वास्थ्य केंद्र शंकरगढ़ (प्रयागराज)
CHC SHYODHA (BANDA),सामुदायिक स्वास्थ्य केंद्र श्योधा (बाँदा)
CHC SIKARAR AT CHANDPUR (JAUNPUR),सामुदायिक स्वास्थ्य केंद्र SIKARAR पर चांदपुर (जौनपुर)
CHC SONDHI AT MEHRAWA (JAUNPUR),सामुदायिक स्वास्थ्य केंद्र SONDHI पर MEHRAWA (जौनपुर)
CHC DHOBHI (JAUNPUR),सामुदायिक स्वास्थ्य केंद्र धोभी (जौनपुर)
CHC JALALPUR AT REHTI (JAUNPUR),सामुदायिक स्वास्थ्य केंद्र जलालपुर पर REHTI (जौनपुर)
CHC KARANJAKALAN AT ADAMPUR (JAUNPUR),सामुदायिक स्वास्थ्य केंद्र KARANJAKALAN पर ADAMPUR (जौनपुर)
CHC KERANA (SHAMLI),सामुदायिक स्वास्थ्य केंद्र KERANA (शामली)
CHC MAHARAJGANJ (JAUNPUR),सामुदायिक स्वास्थ्य केंद्र महराजगंज (जौनपुर)
CHC SAURIKH (KANNAUJ),सामुदायिक स्वास्थ्य केंद्र सौरिख (कन्नौज)
CHC TIRWA (KANNAUJ),सामुदायिक स्वास्थ्य केंद्र तिरवा (कन्नौज)
CHC Tanda (Rampur),सामुदायिक स्वास्थ्य केंद्र टांडा (रामपुर)
CHC NEDULA (PRAYAGRAJ),सामुदायिक स्वास्थ्य केंद्र नेदुला (प्रयागराज)
CHC GOSAIGANJ (AYODHYA),सामुदायिक स्वास्थ्य केंद्र गोसाईगंज (अयोध्या)
CHC PRITHVIGANJ PATTI (PRATAPGARH),सामुदायिक स्वास्थ्य केंद्र पृथ्वीगंज पट्टी (प्रतापगढ़)
CHC AMETHI (AMETHI),सामुदायिक स्वास्थ्य केंद्र अमेठी (अमेठी)
CHC BHADAR (AMETHI),सामुदायिक स्वास्थ्य केंद्र BHADAR (अमेठी)
CHC BHETUA (AMETHI),सामुदायिक स्वास्थ्य केंद्र भेतुआ (अमेठी)
CHC FURSATGANJ (AMETHI),सामुदायिक स्वास्थ्य केंद्र फुरसतगंज (अमेठी)
CHC GILAULA (SHRAVASTI),सामुदायिक स्वास्थ्य केंद्र गिलौला (श्रावस्ती)
CHC BELSAR BAZAR (GONDA),सामुदायिक स्वास्थ्य केंद्र BELSAR बाजार (गोण्डा)
CHC ITIYATHOK (GONDA),सामुदायिक स्वास्थ्य केंद्र इतियाथोक (गोण्डा)
CHC KHARGUPUR (GONDA),सामुदायिक स्वास्थ्य केंद्र KHARGUPUR (गोण्डा)
CHC NAWABGANJ (GONDA),सामुदायिक स्वास्थ्य केंद्र नवाबगंज (गोण्डा)
CHC SADULLANAGAR (BALRAMPUR),सामुदायिक स्वास्थ्य केंद्र सदुल्लानगर (बलरामपुर)
CHC TULSIPUR (BALRAMPUR),सामुदायिक स्वास्थ्य केंद्र तुलसीपुर (बलरामपुर)
CHC UTRAULA (BALRAMPUR),सामुदायिक स्वास्थ्य केंद्र उतरौला (बलरामपुर)
CHC JANKHAT (KANNAUJ),सामुदायिक स्वास्थ्य केंद्र जनखत (कन्नौज)
CHC VISHUNGARH (KANNAUJ),सामुदायिक स्वास्थ्य केंद्र विष्णुगढ़ (कन्नौज)
CHC AKHANDNAGAR (SULTANPUR),सामुदायिक स्वास्थ्य केंद्र अखंडनगर (सुल्तानपुर)
CHC BALDIRAI (SULTANPUR),सामुदायिक स्वास्थ्य केंद्र बलदीराय (सुल्तानपुर)
CHC DHANPATGANJ (SULTANPUR),सामुदायिक स्वास्थ्य केंद्र धनपतगंज (सुल्तानपुर)
CHC NAUJHEEL (MATHURA),सामुदायिक स्वास्थ्य केंद्र नौझील (मथुरा)
CHC KUREBHAR (SULTANPUR),सामुदायिक स्वास्थ्य केंद्र कुरेभार (सुल्तानपुर)
CHC KURWAR (SULTANPUR),सामुदायिक स्वास्थ्य केंद्र कुरवार (सुल्तानपुर)
CHC MOTIGARPUR (SULTANPUR),सामुदायिक स्वास्थ्य केंद्र मोतीगरपुर (सुल्तानपुर)
CHC CHHAPIYA (GONDA),सामुदायिक स्वास्थ्य केंद्र छपिया (गोण्डा)
CHC UMARDA (KANNAUJ),सामुदायिक स्वास्थ्य केंद्र उमरदा (कन्नौज)
CHC CHHIBRAMAU (KANNAUJ),सामुदायिक स्वास्थ्य केंद्र CHHIBRAMAU (कन्नौज)
CHC GUGRAPUR (KANNAUJ),सामुदायिक स्वास्थ्य केंद्र गुगरापुर (कन्नौज)
CHC TRIVEDIGANJ (BARABANKI),सामुदायिक स्वास्थ्य केंद्र त्रिवेदीगंज (बाराबंकी)
CHC SUBEHA (BARABANKI),सामुदायिक स्वास्थ्य केंद्र सुबेहा (बाराबंकी)
CHC SIDDHAUR (BARABANKI),सामुदायिक स्वास्थ्य केंद्र सिद्धौर (बाराबंकी)
CHC SATRIKH (BARABANKI),सामुदायिक स्वास्थ्य केंद्र सतरिख (बाराबंकी)
CHC SIRAULIGAUSPUR (BARABANKI),सामुदायिक स्वास्थ्य केंद्र सिरौलीगौसपुर (बाराबंकी)
CHC GHUNGHTAIR (BARABANKI),सामुदायिक स्वास्थ्य केंद्र GHUNGHTAIR (बाराबंकी)
CHC JAHANGIRABAD (BARABANKI),सामुदायिक स्वास्थ्य केंद्र जहांगीराबाद (बाराबंकी)
CHC MATHURA NAGAR (BARABANKI),सामुदायिक स्वास्थ्य केंद्र मथुरा नगर (बाराबंकी)
CHC TIKAITNAGAR (BARABANKI),सामुदायिक स्वास्थ्य केंद्र टिकैतनगर (बाराबंकी)
PHC DARIYABAD (BARABANKI),"बारप्राथमिक स्वास्थ्य केंद्र, बार"
CHC ROHTA (MEERUT),सामुदायिक स्वास्थ्य केंद्र रोहटा (मेरठ)
CHC BHAWANPUR (MEERUT),सामुदायिक स्वास्थ्य केंद्र भवनपुर (मेरठ)
CHC KHARKHODA (MEERUT),सामुदायिक स्वास्थ्य केंद्र खरखौदा (मेरठ)
CHC MACHRA (MEERUT),सामुदायिक स्वास्थ्य केंद्र मछरा (मेरठ)
CHC ASOTHAR (FATEHPUR),सामुदायिक स्वास्थ्य केंद्र असोथर (फतेहपुर)
CHC KHAGA (FATEHPUR),सामुदायिक स्वास्थ्य केंद्र KHAGA (फतेहपुर)
CHC HUSSAINGANJ (FATEHPUR),सामुदायिक स्वास्थ्य केंद्र हुसैनगंज (फतेहपुर)
CHC HATHGAM (FATEHPUR),सामुदायिक स्वास्थ्य केंद्र हाथगाम (फतेहपुर)
CHC GHAZIPUR (FATEHPUR),सामुदायिक स्वास्थ्य केंद्र गाज़ीपुर (फतेहपुर)
CHC THARIYAON (FATEHPUR),सामुदायिक स्वास्थ्य केंद्र थरियांव (फतेहपुर)
CHC HASWA (FATEHPUR),सामुदायिक स्वास्थ्य केंद्र हसवा (फतेहपुर)
CHC AMAULI (FATEHPUR),सामुदायिक स्वास्थ्य केंद्र अमौली (फतेहपुर)
CHC FATEHPUR (BARABANKI),सामुदायिक स्वास्थ्य केंद्र फतेहपुर (बाराबंकी)
CHC BISINDA (BANDA),सामुदायिक स्वास्थ्य केंद्र बिसिंडा (बाँदा)
CHC MACCHALI SAHAR (JAUNPUR),सामुदायिक स्वास्थ्य केंद्र मछली सहार (जौनपुर)
CHC CHHARRA (ALIGARH),सामुदायिक स्वास्थ्य केंद्र छर्रा (अलीगढ़)
CHC GONDA (ALIGARH),सामुदायिक स्वास्थ्य केंद्र गोण्डा (अलीगढ़)
CHC CHANDAUS (ALIGARH),सामुदायिक स्वास्थ्य केंद्र चंदौस (अलीगढ़)
CHC RAJEPUR (FARRUKHABAD),सामुदायिक स्वास्थ्य केंद्र RAJEPUR (फर्रुखाबाद)
CHC ISLAMNAGAR (BADAUN),सामुदायिक स्वास्थ्य केंद्र इस्लामनगर (बदायूं)
CHC KARAUNDIKALA (SULTANPUR),सामुदायिक स्वास्थ्य केंद्र KARAUNDIKALA (सुल्तानपुर)
CHC DUDDHI (SONBHADRA),सामुदायिक स्वास्थ्य केंद्र दुड्ढी (सोनभद्र)
CHC GHORAWAL (SONBHADRA),सामुदायिक स्वास्थ्य केंद्र GHORAWAL (सोनभद्र)
CHC MYORPUR (SONBHADRA),सामुदायिक स्वास्थ्य केंद्र म्योरपुर (सोनभद्र)
CHC ACHALDA AURAIYA,सामुदायिक स्वास्थ्य केंद्र अचलदा औरैया
CHC BELA (AURAIYA),सामुदायिक स्वास्थ्य केंद्र बेला (औरैया)
CHC BHADURA  (GHAZIPUR),सामुदायिक स्वास्थ्य केंद्र BHADURA (गाज़ीपुर)
CHC BARACHAWAR (GHAZIPUR),सामुदायिक स्वास्थ्य केंद्र BARACHAWAR (गाज़ीपुर)
CHC BIRNO (GHAZIPUR),सामुदायिक स्वास्थ्य केंद्र BIRNO (गाज़ीपुर)
CHC VRINDAVAN (MATHURA),सामुदायिक स्वास्थ्य केंद्र वृंदावन (मथुरा)
CHC JAAMANIA ATE BARUN (GHAZIPUR),सामुदायिक स्वास्थ्य केंद्र जमानिया ATE BARUN (गाज़ीपुर)
CHC URBAN N K ROAD (LUCKNOW),सामुदायिक स्वास्थ्य केंद्र अर्बन एन के ROAD (लखनऊ)
CHC URBAN SILVER JUBLI (LUCKNOW),सामुदायिक स्वास्थ्य केंद्र अर्बन SILVER JUBLI (लखनऊ)
CHC LAKHAVATI (BULANDSHAHAR ),सामुदायिक स्वास्थ्य केंद्र लखावती (बुलंदशहर)
CHC PAHASU (BULANDSHAHAR ),सामुदायिक स्वास्थ्य केंद्र पहासू (बुलंदशहर)
CHC MUNI (BULANDSHAHAR ),सामुदायिक स्वास्थ्य केंद्र मुनी (बुलंदशहर)
CHC SHIKARPUR (BULANDSHAHAR ),सामुदायिक स्वास्थ्य केंद्र शिकारपुर (बुलंदशहर)
CHC UNCHAGAON (BULANDSHAHAR ),सामुदायिक स्वास्थ्य केंद्र ऊंचागांव (बुलंदशहर)
CHC SAMSABAD (FARRUKHABAD),सामुदायिक स्वास्थ्य केंद्र समसाबाद (फर्रुखाबाद)
CHC KAYAMGANJ (FARRUKHABAD),सामुदायिक स्वास्थ्य केंद्र कायमगंज (फर्रुखाबाद)
CHC BARAUN (FARRUKHABAD),सामुदायिक स्वास्थ्य केंद्र बरौन (फर्रुखाबाद)
CHC KAMALGANJ (FARRUKHABAD),सामुदायिक स्वास्थ्य केंद्र कमालगंज (फर्रुखाबाद)
CHC NAWABGANJ (FARRUKHABAD),सामुदायिक स्वास्थ्य केंद्र नवाबगंज (फर्रुखाबाद)
Lok Bandhu Sri RajNarayan Combined Hospital,बरौनलोकबंधु श्री राजनारायण संयुक्त चिकित्सालय
CHC AIRWA KATRA (AURAIYA),सामुदायिक स्वास्थ्य केंद्र ऐरवा कटरा (औरैया)
CHC BICHIYA (UNNAO),सामुदायिक स्वास्थ्य केंद्र बिछिया (उन्नाव)
CHC MAURAWAN (UNNAO),सामुदायिक स्वास्थ्य केंद्र मौरवां (उन्नाव)
CHC KON (SONBHADRA),सामुदायिक स्वास्थ्य केंद्र कोन (सोनभद्र)
CHC GOVERDHAN (MATHURA),सामुदायिक स्वास्थ्य केंद्र गोवर्धन (मथुरा)
CHC FATEHPUR (CHOURASI),सामुदायिक स्वास्थ्य केंद्र फतेहपुर (CHOURASI)
CHC SAFIPUR (UNNAO),सामुदायिक स्वास्थ्य केंद्र SAFIPUR (उन्नाव)
CHC GONDAUR (GHAZIPUR),सामुदायिक स्वास्थ्य केंद्र गोंडौर (गाज़ीपुर)
CHC HASANGANJ (UNNAO),सामुदायिक स्वास्थ्य केंद्र हसनगंज (उन्नाव)
CHC MIYAGANJ (UNNAO),सामुदायिक स्वास्थ्य केंद्र MIYAGANJ (उन्नाव)
CHC NAWABGANJ (UNNAO),सामुदायिक स्वास्थ्य केंद्र नवाबगंज (उन्नाव)
CHC LAKHNAPUR (UNNAO),सामुदायिक स्वास्थ्य केंद्र LAKHNAPUR (उन्नाव)
CHC MAILAHA (PRAYAGRAJ),सामुदायिक स्वास्थ्य केंद्र मैलाहा (प्रयागराज)
CHC KOTWA AT JAMUNIPUR (PRAYAGRAJ),सामुदायिक स्वास्थ्य केंद्र कोटवा पर JAMUNIPUR (प्रयागराज)
CHC SURATGANJ (BARABANKI),सामुदायिक स्वास्थ्य केंद्र सूरतगंज (बाराबंकी)
CHC ASOHA (UNNAO),सामुदायिक स्वास्थ्य केंद्र असोहा (उन्नाव)
CHC GANJ MURADABAD (UNNAO),सामुदायिक स्वास्थ्य केंद्र GANJ मुरादाबाद (उन्नाव)
CHC AYANA (AURAIYA),सामुदायिक स्वास्थ्य केंद्र अयाना (औरैया)
CHC PATAN (UNNAO),सामुदायिक स्वास्थ्य केंद्र PATAN (उन्नाव)
CHC UNCHGAON (UNNAO),सामुदायिक स्वास्थ्य केंद्र ऊंचगांव (उन्नाव)
CHC RASOOLPUR ROORI (UNNAO),सामुदायिक स्वास्थ्य केंद्र रसूलपुर रूरी (उन्नाव)
CHC DIBAI (BULANDSHAHR),सामुदायिक स्वास्थ्य केंद्र DIBAI (BULANDSHAHR)
CHC BIDHUNA  (AURAIYA),सामुदायिक स्वास्थ्य केंद्र बिधुना (औरैया)
CHC SIDHUA  (DEORIA),सामुदायिक स्वास्थ्य केंद्र सिधुआ (देवरिया)
CHC PATHARDEVA (DEORIA),सामुदायिक स्वास्थ्य केंद्र PATHARDEVA (देवरिया)
PHC BANKATA  (DEORIA),"प्राथमिक स्वास्थ्य केंद्र, बंकटा, देवरिया"
CHC LILAPUR (DEORIA),सामुदायिक स्वास्थ्य केंद्र लीलापुर (देवरिया)
CHC KORAON (PRAYAGRAJ),सामुदायिक स्वास्थ्य केंद्र कोरांव (प्रयागराज)
CHC SANSARIPUR (PRAYAGRAJ),सामुदायिक स्वास्थ्य केंद्र संसारिपुर (प्रयागराज)
CHC PARASIYA CHANDAURÂ (DEORIA),सामुदायिक स्वास्थ्य केंद्र PARASIYA CHANDAURÂ (देवरिया)
CHC SONADI (DEORIA),सामुदायिक स्वास्थ्य केंद्र सोनाडी (देवरिया)
CHC CHHITPALGARH (PRATAPGARH),सामुदायिक स्वास्थ्य केंद्र छितपालगढ़ (प्रतापगढ़)
CHC PARVATPUR (PRATAPGARH),सामुदायिक स्वास्थ्य केंद्र PARVATPUR (प्रतापगढ़)
CHC PHEPHANA (BALLIA),सामुदायिक स्वास्थ्य केंद्र फेफना (बलिया)
CHC CHILKAHAR (BALLIA),सामुदायिक स्वास्थ्य केंद्र चिलकहार (बलिया)
CHC BANSDIH (BALLIA),सामुदायिक स्वास्थ्य केंद्र BANSDIH (बलिया)
CHC BASANTPUR (BALLIA),सामुदायिक स्वास्थ्य केंद्र बसंतपुर (बलिया)
CHC BASUDHAR PAH (BALLIA),सामुदायिक स्वास्थ्य केंद्र बसुधर PAH (बलिया)
CHC SUKHPURA (BALLIA),सामुदायिक स्वास्थ्य केंद्र SUKHPURA (बलिया)
CHC KHEJURI (BALLIA),सामुदायिक स्वास्थ्य केंद्र खेजुरी (बलिया)
CHC RIGWAN (BALLIA),सामुदायिक स्वास्थ्य केंद्र रिगवां (बलिया)
CHC MANGAPUR (PRATAPGARH),सामुदायिक स्वास्थ्य केंद्र MANGAPUR (प्रतापगढ़)
CHC SAROORPUR KURD (MEERUT),सामुदायिक स्वास्थ्य केंद्र सरूरपुर KURD (मेरठ)
CHC GANGAGHAT (UNNAO),सामुदायिक स्वास्थ्य केंद्र गंगाघाट (उन्नाव)
CHC BHOODBARAL (MEERUT),सामुदायिक स्वास्थ्य केंद्र BHOODBARAL (मेरठ)
CHC KANTH (MORADABAD),सामुदायिक स्वास्थ्य केंद्र कांठ (मुरादाबाद)
CHC MILAK (RAMPUR),सामुदायिक स्वास्थ्य केंद्र मिलक (रामपुर)
CHC SUNHETI KHARKHARI (SAHARANPUR),सामुदायिक स्वास्थ्य केंद्र सुन्हेती KHARKHARI (सहारनपुर)
CHC BEHTA (LUCKNOW),सामुदायिक स्वास्थ्य केंद्र बेहटा (लखनऊ)
PHC KHORABAR (GORAKHPUR),"प्राथमिक स्वास्थ्य केंद्र, खोराबार, गोरखपुर"
CHC MEHDAWAL (SANT KABIR NAGAR),सामुदायिक स्वास्थ्य केंद्र मेहदावल (संत कबीर नगर)
CHC MANDAH (PRATAPGARH),सामुदायिक स्वास्थ्य केंद्र मंडाह (प्रतापगढ़)
CHC SHIVGARH (RAEBARELI),सामुदायिक स्वास्थ्य केंद्र शिवगढ़ (रायबरेली)
CHC PIHANI (HARDOI),सामुदायिक स्वास्थ्य केंद्र PIHANI (हरदोई)
CHC KANDHLA (SHAMLI),सामुदायिक स्वास्थ्य केंद्र KANDHLA (शामली)
CHC JASRANA (FIROZABAD),सामुदायिक स्वास्थ्य केंद्र जसराणा (फ़िरोज़ाबाद)
CHC GOPAMAU (HARDOI),सामुदायिक स्वास्थ्य केंद्र गोपामऊ (हरदोई)
CHC GUDAMBA (LUCKNOW),सामुदायिक स्वास्थ्य केंद्र गुडांबा (लखनऊ)
CHC INDIRANAGAR (LUCKNOW),सामुदायिक स्वास्थ्य केंद्र इंदिरा नगर (लखनऊ)
CHC HARORA (SAHARANPUR),सामुदायिक स्वास्थ्य केंद्र हरौरा (सहारनपुर)
CHC SADHAULI KADEEM (SAHARANPUR),सामुदायिक स्वास्थ्य केंद्र सधौली KADEEM (सहारनपुर)
CHC KACHAUNA (HARDOI),सामुदायिक स्वास्थ्य केंद्र कचौना (हरदोई)
CHC BEHANDAR (HARDOI),सामुदायिक स्वास्थ्य केंद्र बेहंदर (हरदोई)
CHC KASMANDA (SITAPUR),सामुदायिक स्वास्थ्य केंद्र कासमांडा (सीतापुर)
CHC LALGANJ (RAEBARELI),सामुदायिक स्वास्थ्य केंद्र लालगंज (रायबरेली)
CHC KHIRON (RAEBARELI),सामुदायिक स्वास्थ्य केंद्र खिरोन (रायबरेली)
CHC TURIYAGANJ (LUCKNOW),सामुदायिक स्वास्थ्य केंद्र तुरियागंज (लखनऊ)
CHC HARCHANDPUR (RAEBARELI),सामुदायिक स्वास्थ्य केंद्र HARCHANDPUR (रायबरेली)
CHC AMAWAN (RAEBARELI),सामुदायिक स्वास्थ्य केंद्र अमावां (रायबरेली)
CHC MAHMUDABAD (SITAPUR),सामुदायिक स्वास्थ्य केंद्र MAHMUDABAD (सीतापुर)
CHC TODARPUR (HARDOI),सामुदायिक स्वास्थ्य केंद्र तोडरपुर (हरदोई)
CHC AJITMAL (AURAIYA),सामुदायिक स्वास्थ्य केंद्र अजीतमाल (औरैया)
CHC HARINGTONGANJ (AYODHYA),सामुदायिक स्वास्थ्य केंद्र हैरिंगटनगंज (अयोध्या)
CHC DEENSHAH GAURA (RAEBARELI),सामुदायिक स्वास्थ्य केंद्र दीनशाह GAURA (रायबरेली)
CHC JAGATPUR (RAEBARELI),सामुदायिक स्वास्थ्य केंद्र जगतपुर (रायबरेली)
CHC BILGRAM (HARDOI),सामुदायिक स्वास्थ्य केंद्र बिलग्राम (हरदोई)
CHC SANDI (HARDOI),सामुदायिक स्वास्थ्य केंद्र संडी (हरदोई)
CHC BABATMAU (HARDOI),सामुदायिक स्वास्थ्य केंद्र BABATMAU (हरदोई)
CHC BHARAWAN (HARDOI),सामुदायिक स्वास्थ्य केंद्र BHARAWAN (हरदोई)
CHC AKOLA  (AGRA),सामुदायिक स्वास्थ्य केंद्र अकोला (आगरा)
CHC PATIYALI (KASGANJ),सामुदायिक स्वास्थ्य केंद्र पटियाली (कासगंज)
CHC SAHAWAR (KASGANJ),सामुदायिक स्वास्थ्य केंद्र SAHAWAR (कासगंज)
CHC NAGRAM (LUCKNOW),सामुदायिक स्वास्थ्य केंद्र नगराम (लखनऊ)
CHC DALMAU (RAEBARELI),सामुदायिक स्वास्थ्य केंद्र डलमऊ (रायबरेली)
CHC JATUA TAPPA (RAEBARELI),सामुदायिक स्वास्थ्य केंद्र जटुआ TAPPA (रायबरेली)
CHC GAURIGANJ (AMETHI),सामुदायिक स्वास्थ्य केंद्र GAURIGANJ (अमेठी)
CHC DOSTPUR (SULTANPUR),सामुदायिक स्वास्थ्य केंद्र दोस्तपुर (सुल्तानपुर)
CHC PANDRI KRIPAL (GONDA),सामुदायिक स्वास्थ्य केंद्र पांडरी KRIPAL (गोण्डा)
CHC MUJEHNA (GONDA),सामुदायिक स्वास्थ्य केंद्र MUJEHNA (गोण्डा)
CHC FATEHPUR SIKRI (AGRA),सामुदायिक स्वास्थ्य केंद्र फतेहपुर SIKRI (आगरा)
CHC POWAYAN (SHAHJAHANPUR),सामुदायिक स्वास्थ्य केंद्र POWAYAN (शाहजहाँपुर)
CHC BAROLI AHIR (AGRA),सामुदायिक स्वास्थ्य केंद्र BAROLI AHIR (आगरा)
CHC SAMSABAD (AGRA),सामुदायिक स्वास्थ्य केंद्र समसाबाद (आगरा)
CHC DHANAURA (AMROHA),सामुदायिक स्वास्थ्य केंद्र धनौरा (अमरोहा)
CHC UNCHAHAR (RAEBARELI),सामुदायिक स्वास्थ्य केंद्र ऊंचाहार (रायबरेली)
CHC BELA BEHLA (RAEBARELI),सामुदायिक स्वास्थ्य केंद्र बेला BEHLA (रायबरेली)
CHC ALLHAGANJ (SHAHJAHANPUR),सामुदायिक स्वास्थ्य केंद्र अल्हागंज (शाहजहाँपुर)
CHC USAINI (FIROZABAD),सामुदायिक स्वास्थ्य केंद्र उसैनी (फ़िरोज़ाबाद)
CHC EKKA (FIROZABAD),सामुदायिक स्वास्थ्य केंद्र एक्का (फ़िरोज़ाबाद)
CHC MANIHARI (GHAZIPUR),सामुदायिक स्वास्थ्य केंद्र मनिहारी (गाज़ीपुर)
CHC SALON (RAEBARELI),सामुदायिक स्वास्थ्य केंद्र सलोन (रायबरेली)
CHC MADNAPUR (SHAHJAHANPUR),सामुदायिक स्वास्थ्य केंद्र मदनापुर (शाहजहाँपुर)
CHC HARRAIYA SATGHARWA (BALLRAMPUR),सामुदायिक स्वास्थ्य केंद्र हर्रैया SATGHARWA (BALLRAMPUR)
CHC SHIVPURA (BALRAMPUR),सामुदायिक स्वास्थ्य केंद्र SHIVPURA (बलरामपुर)
CHC PACHPERWA (BALRAMPUR),सामुदायिक स्वास्थ्य केंद्र PACHPERWA (बलरामपुर)
CHC JAISINGHPUR (SULTANPUR),सामुदायिक स्वास्थ्य केंद्र जैसिंहपुर (सुल्तानपुर)
CHC JAMO (AMETHI),सामुदायिक स्वास्थ्य केंद्र जामो (अमेठी)
CHC ROHANIYA (RAIBARELI),सामुदायिक स्वास्थ्य केंद्र रोहनिया (RAIBARELI)
CHC AISHBAGH (LUCKNOW),सामुदायिक स्वास्थ्य केंद्र ऐशबाग (लखनऊ)
CHC NAUGAWAN SADAT (AMROHA),सामुदायिक स्वास्थ्य केंद्र नौगावां SADAT (अमरोहा)
CHC SADAT (GHAZIPUR),सामुदायिक स्वास्थ्य केंद्र SADAT (गाज़ीपुर)
CHC NASIRABAD (RAEBARELI),सामुदायिक स्वास्थ्य केंद्र नसीराबाद (रायबरेली)
CHC KASIMABAD (GHAZIPUR),सामुदायिक स्वास्थ्य केंद्र कासिमाबाद (गाज़ीपुर)
CHC BILSANDA (PILIBHIT),सामुदायिक स्वास्थ्य केंद्र BILSANDA (पीलीभीत)
CHC DHANPURA (FIROZABAD),सामुदायिक स्वास्थ्य केंद्र धनपुरा (फ़िरोज़ाबाद)
CHC GARHMUKTESHWAR (HAPUR),सामुदायिक स्वास्थ्य केंद्र गढ़मुक्तेश्वर (हापुर)
CHC GAJRAHI (PRATAPGARH),सामुदायिक स्वास्थ्य केंद्र गजराही (प्रतापगढ़)
50 BEDDED HOSPITAL (PRATAPGARH),"50 शय्या चिकित्सालय, प्रतापगढ़"
CHC DEEH ROKHA (RAEBARELI),सामुदायिक स्वास्थ्य केंद्र डीह ROKHA (रायबरेली)
CHC MUFTIGANJ (JAUNPUR),सामुदायिक स्वास्थ्य केंद्र MUFTIGANJ (जौनपुर)
CHC CHANDER NAGAR (ALAMBAGH),सामुदायिक स्वास्थ्य केंद्र चंदर नगर (ALAMBAGH)
CHC SAHPAU (HATHRAS),सामुदायिक स्वास्थ्य केंद्र सहपाऊ (हाथरस)
CHC MAHO (HATHRAS),सामुदायिक स्वास्थ्य केंद्र MAHO (हाथरस)
CHC BACHHRAWAN (RAEBARELI),सामुदायिक स्वास्थ्य केंद्र BACHHRAWAN (रायबरेली)
CHC MAHARAJGANJ (RAEBARELI),सामुदायिक स्वास्थ्य केंद्र महराजगंज (रायबरेली)
CHC SIRKONI (JAUNPUR),सामुदायिक स्वास्थ्य केंद्र सिरकोनी (जौनपुर)
CHC RAMNAGAR (JAUNPUR),सामुदायिक स्वास्थ्य केंद्र रामनगर (जौनपुर)
CHC BEWAR (MAINPURI),सामुदायिक स्वास्थ्य केंद्र बेवर (मैनपुरी)
PHC TARWA (AZAMGARH),"रामनगरप्राथमिक स्वास्थ्य केंद्र, तरवा, आजमगढ़बेवर"
CHC BARKHERA (PILIBHIT),सामुदायिक स्वास्थ्य केंद्र BARKHERA (पीलीभीत)
CHC BARHANI (CHANDAULI),सामुदायिक स्वास्थ्य केंद्र BARHANI (चंदौली)
CHC CHAHANIYA (CHANDAULI),सामुदायिक स्वास्थ्य केंद्र चहनिया (चंदौली)
CHC RAAL (MATHURA),सामुदायिक स्वास्थ्य केंद्र RAAL (मथुरा)
CHC RAJAPUR (CHITRAKOOT),सामुदायिक स्वास्थ्य केंद्र RAJAPUR (चित्रकूट)
CHC RAIPURA (CHITRAKOOT),सामुदायिक स्वास्थ्य केंद्र रायपुर (चित्रकूट)
CHC SARENI (RAEBARELI),सामुदायिक स्वास्थ्य केंद्र सरेनी (रायबरेली)
CHC KURRAIYA KALAN (PILIBHIT),सामुदायिक स्वास्थ्य केंद्र कुरैया कलां (पीलीभीत)
CHC KHAJURGAON (RAEBARELI),सामुदायिक स्वास्थ्य केंद्र खजूरगांव (रायबरेली)
CHC SAHABGANJ (CHANDAULI),सामुदायिक स्वास्थ्य केंद्र साहबगंज (चंदौली)
CHC SAPNAWAT (HAPUR),सामुदायिक स्वास्थ्य केंद्र सपनावत (हापुर)
CHC GUNNAUR (SAMBHAL),सामुदायिक स्वास्थ्य केंद्र गुन्नौर (सम्भल)
Indira Nagar_CHC,इंदिरा नगर सामुदायिक स्वास्थ्य केंद्र
CHC THANABHAWAN (SHAMLI),सामुदायिक स्वास्थ्य केंद्र थानाभवन (शामली)
CHC AONLA (BAREILLY),सामुदायिक स्वास्थ्य केंद्र आंवला (बरेली)
CHC BHINGA (SHRAVASTI),सामुदायिक स्वास्थ्य केंद्र भिंगा (श्रावस्ती)
CHC LAXMANPUR (SHRAVASTI),सामुदायिक स्वास्थ्य केंद्र LAXMANPUR (श्रावस्ती)
CHC MUNGRA BADSHAHPUR (JAUNPUR),सामुदायिक स्वास्थ्य केंद्र मुंगरा BADSHAHPUR (जौनपुर)
CHC PAHARI (CHITRAKOOT),सामुदायिक स्वास्थ्य केंद्र पहाड़ी (चित्रकूट)
CHC RAMNAGAR (CHITRAKOOT),सामुदायिक स्वास्थ्य केंद्र रामनगर (चित्रकूट)
CHC MADHOTANDA (PILIBHIT),सामुदायिक स्वास्थ्य केंद्र MADHOTANDA (पीलीभीत)
CHC AWALKHERA (AGRA),सामुदायिक स्वास्थ्य केंद्र AWALKHERA (आगरा)
CHC GANDHI NAGAR MURAINA (PILIBHIT),सामुदायिक स्वास्थ्य केंद्र GANDHI नगर MURAINA (पीलीभीत)
CHC SUNWA (AYODHYA),सामुदायिक स्वास्थ्य केंद्र सुनवा (अयोध्या)
CHC JOYA (AMROHA),सामुदायिक स्वास्थ्य केंद्र जोया (अमरोहा)
CHC CHILKANA (SAHARANPUR),सामुदायिक स्वास्थ्य केंद्र चिलकाना (सहारनपुर)
CHC CHARDA (BAHRAICH),सामुदायिक स्वास्थ्य केंद्र चरदा (बहराइच)
CHC MOTIPURA (BAHRAICH),सामुदायिक स्वास्थ्य केंद्र मोतीपुरा (बहराइच)
CHC BHOJPUR (MORADABAD),सामुदायिक स्वास्थ्य केंद्र BHOJPUR (मुरादाबाद)
CHC RAMPURWA (BAHRAICH),सामुदायिक स्वास्थ्य केंद्र रामपुरवा (बहराइच)
CHC MAHSI (BAHRAICH),सामुदायिक स्वास्थ्य केंद्र महसी (बहराइच)
CHC DIDAMAI (FIROZABAD),सामुदायिक स्वास्थ्य केंद्र दिदामई (फ़िरोज़ाबाद)
CHC MAJHGAWAN (BAREILLY),सामुदायिक स्वास्थ्य केंद्र MAJHGAWAN (बरेली)
CHC RAJPURA (SAMBHAL),सामुदायिक स्वास्थ्य केंद्र राजपुरा (सम्भल)
CHC BITHRI CHAINPUR (BAREILLY),सामुदायिक स्वास्थ्य केंद्र बिथरी CHAINPUR (बरेली)
CHC KAILADEVI (SAMBHAL),सामुदायिक स्वास्थ्य केंद्र कैलादेवी (सम्भल)
CHC DEVKALI (GHAZIPUR),सामुदायिक स्वास्थ्य केंद्र DEVKALI (गाज़ीपुर)
CHC BINDKI (FATEHPUR),सामुदायिक स्वास्थ्य केंद्र बिंदकी (फतेहपुर)
CHC BATESHWAR (AGRA),सामुदायिक स्वास्थ्य केंद्र BATESHWAR (आगरा)
SIR SUNDERLAL HOSPITAL (BHU) VARANASI,सर सुंदरलाल चिकित्सालय (बी.एच.यू.) वाराणसी
GMCH,राजकीय चिकित्सा महाविद्यालय एवं अस्पताल पूर्णियाँ (बिहार)
JLMCH,जे.एल.एम.सी.एच. भागलपुर
SADAR HOSPITAL,सदर चिकित्सालय किशनगंज
SKMCH,एस.के.एम.सी.एच.मुज़फ्फरपुर
DMCH,डी.एम.सी.एच. दरभंगा
SADAR HOSPITAL,सदर चिकित्सालय मोतिहारी
SADAR HOSPITAL,सदर चिकित्सालय सहरसा
SADAR HOSPITAL,सदर चिकित्सालय अररिया
GOVT. MEDICAL COLLEGE AND HOSPITAL,सरकारी चिकित्सा महाविद्यालय एवं अस्पताल बेतिया
JANNAYAK KARPURI THAKUR MEDICAL COLLEGE AND HOSPITAL,जननायक कर्पूरी ठाकुर चिकित्सा महाविद्यालय एवं अस्पताल मधेपुरा
SADAR HOSPITAL,सदर चिकित्सालय हाजीपुर
SADAR HOSPITAL,सदर चिकित्सालय कटिहार
SADAR HOSPITAL,सदर चिकित्सालय समस्तीपुर
SADAR HOSPITAL,सदर चिकित्सालय औरंगाबाद
SADAR HOSPITAL,सदर चिकित्सालय सीतामढ़ी
SADAR HOSPITAL GURU GOVIND SINGH ,सदर चिकित्सालय गुरु गोविंद सिंह पटना
SADAR HOSPITAL,सदर चिकित्सालय मुज़फ्फरपुर
SADAR HOSPITAL,सदर चिकित्सालय खगड़िया
SADAR HOSPITAL,सदर चिकित्सालय सुपौल
SADAR HOSPITAL,सदर चिकित्सालय मधेपुरा
SADAR HOSPITAL,सदर चिकित्सालय भागलपुर
NALANDA MEDICAL COLLEGE AND HOSPITAL,नालंदा चिकित्सा महाविद्यालय एवं अस्पताल पटना
NALANDA MEDICAL COLLEGE AND HOSPITAL,नालंदा चिकित्सा महाविद्यालय एवं अस्पताल केंद्रीय प्रयोगशाला पटना
SADAR HOSPITAL,सदर चिकित्सालय भभुआ
SADAR HOSPITAL,सदर चिकित्सालय जहानाबाद
BMIMS,बी.एम.आई.एम.एस. पावापुरी
SADAR HOSPITAL,सदर चिकित्सालय बक्सर
SADAR HOSPITAL,सदर चिकित्सालय छपरा
SADAR HOSPITAL,सदर चिकित्सालय साराम
ANUGRAH NARAYAN MAGADH MEDICAL COLLEGE,", अनुग्रह नारायण मगध चिकित्सा महाविद्यालय, गया"
SADAR HOSPITAL,सदर चिकित्सालय
SADAR HOSPITAL,सदर चिकित्सालय
SADAR HOSPITAL,सदर चिकित्सालय
SADAR HOSPITAL,सदर चिकित्सालय
SADAR HOSPITAL,सदर चिकित्सालय
SADAR HOSPITAL,सदर चिकित्सालय
SADAR HOSPITAL,सदर चिकित्सालय
SADAR HOSPITAL,सदर चिकित्सालय
SADAR HOSPITAL,सदर चिकित्सालय
CHC RAMNAGAR (BARABANKI),सामुदायिक स्वास्थ्य केंद्र रामनगर (बाराबंकी)
CHC Jariyanpur (Shahjahanpur),सामुदायिक स्वास्थ्य केंद्र जरियांपुर (शाहजहाँपुर)
CHC BASANTPUR SIDDHARTH NAGAR,सामुदायिक स्वास्थ्य केंद्र बसंतपुर (सिद्धार्थ नगर)
CHC Banda (Shahjahanpur),सामुदायिक स्वास्थ्य केंद्र बाँदा (शाहजहाँपुर)
CHC Qaderchowk (Badaun),सामुदायिक स्वास्थ्य केंद्र कादरचौक (बदायूं)
CHC TILAULI AT MITHWAL (SIDDHARTH NAGAR�),सामुदायिक स्वास्थ्य केंद्र तिलौली पर मिथवाल (सिद्धार्थ नगर�)
CHC RATSAR KALA (BALLIA),सामुदायिक स्वास्थ्य केंद्र रतसर KALA (बलिया)
CHC CAMPIERGANJ  (GORAKHPUR),सामुदायिक स्वास्थ्य केंद्र CAMPIERGANJ (गोरखपुर)
CHC SIAR (BALLIA),सामुदायिक स्वास्थ्य केंद्र सियार (बलिया)
CHC DANTAL  (MEERUT),सामुदायिक स्वास्थ्य केंद्र DANTAL (मेरठ)
CHC MEERANAGAR  (SITAPUR),सामुदायिक स्वास्थ्य केंद्र मीरा नगर (सीतापुर)
CHC DHANAPUR  (CHANDAULI),सामुदायिक स्वास्थ्य केंद्र DHANAPUR (चंदौली)
CHC MARIAHU  (JAUNPUR),सामुदायिक स्वास्थ्य केंद्र मारियाहू (जौनपुर)
CHC ARAW JAGDISH  (GORAKHPUR),सामुदायिक स्वास्थ्य केंद्र अराव JAGDISH (गोरखपुर)
CHC SONWA  (SHRAVASTI),सामुदायिक स्वास्थ्य केंद्र सोनवा (श्रावस्ती)
CHC CHARTHAWAL  (MUZAFFARNAGAR),सामुदायिक स्वास्थ्य केंद्र CHARTHAWAL (मुज़फ्फरनगर)
CHC BASUDEHA  (GORAKHPUR),सामुदायिक स्वास्थ्य केंद्र BASUDEHA (गोरखपुर)
CHC KHANDAULI  (AGRA),सामुदायिक स्वास्थ्य केंद्र KHANDAULI (आगरा)
CHC JAGNER  (AGRA),सामुदायिक स्वास्थ्य केंद्र जागनेर (आगरा)
CHC SUBHAKARPUR  (GHAZIPUR),सामुदायिक स्वास्थ्य केंद्र SUBHAKARPUR (गाज़ीपुर)
CHC KACHHWAN  (MIRZAPUR),सामुदायिक स्वास्थ्य केंद्र कछवां (मिर्ज़ापुर)
CHC JAMALPUR  (MIRZAPUR),सामुदायिक स्वास्थ्य केंद्र जमालपुर (मिर्ज़ापुर)
CHC CHILH  (MIRZAPUR),सामुदायिक स्वास्थ्य केंद्र CHILH (मिर्ज़ापुर)
CHC VINDHYACHAL  (MIRZAPUR),सामुदायिक स्वास्थ्य केंद्र विंध्याचल (मिर्ज़ापुर)
CHC BHOJIPURA  (BAREILLY),सामुदायिक स्वास्थ्य केंद्र BHOJIPURA (बरेली)
CHC KARANDA  (GHAZIPUR),सामुदायिक स्वास्थ्य केंद्र करंडा (गाज़ीपुर)
CHC KHANPUR  (GHAZIPUR),सामुदायिक स्वास्थ्य केंद्र खानपुर (गाज़ीपुर)
CHC FAKHARPUR  (BAHRAICH),सामुदायिक स्वास्थ्य केंद्र FAKHARPUR (बहराइच)
CHC SHIVRAMPUR  (CHITRAKOOT),सामुदायिक स्वास्थ्य केंद्र शिवरामपुर (चित्रकूट)
CHC PARIKSHITGARH  (MEERUT),सामुदायिक स्वास्थ्य केंद्र परीक्षितगढ़ (मेरठ)
CHC CHITTAURA  (BAHRAICH),सामुदायिक स्वास्थ्य केंद्र चित्तौरा (बहराइच)
CHC GOHRA  (HAPUR),सामुदायिक स्वास्थ्य केंद्र गोहड़ा (हापुर)
CHC SIKHERA  (HAPUR),सामुदायिक स्वास्थ्य केंद्र सिखेड़ा (हापुर)
CHC BAHADURGARH  (HAPUR),सामुदायिक स्वास्थ्य केंद्र BAHADURGARH (हापुर)
CHC JAHANABAD  (PILIBHIT),सामुदायिक स्वास्थ्य केंद्र जहानाबाद (पीलीभीत)
CHC PAYAGPUR  (BAHRAICH),सामुदायिक स्वास्थ्य केंद्र पायगपुर (बहराइच)
CHC SUITHAKALA  (JAUNPUR),सामुदायिक स्वास्थ्य केंद्र सुइथाकला (जौनपुर)
CHC BAHERI  (BAREILLY),सामुदायिक स्वास्थ्य केंद्र बहेरी (बरेली)
CHC RICHHA  (BAREILLY),सामुदायिक स्वास्थ्य केंद्र रिछा (बरेली)
CHC AMBEHTA PEER  (SAHARANPUR),सामुदायिक स्वास्थ्य केंद्र अंबेहटा PEER (सहारनपुर)
CHC SABDALPUR  (SAHARANPUR),सामुदायिक स्वास्थ्य केंद्र सबदलपुर (सहारनपुर)
CHC BAMHETA  (GHAZIABAD),सामुदायिक स्वास्थ्य केंद्र BAMHETA (गाज़ियाबाद)
CHC JASALA  (SHAMLI),सामुदायिक स्वास्थ्य केंद्र जसाला (शामली)
CHC JHINJHANA  (SHAMLI),सामुदायिक स्वास्थ्य केंद्र झिंझाना (शामली)
CHC CHIRAIYATAND  (BAHRAICH),सामुदायिक स्वास्थ्य केंद्र चिरैयाटांड (बहराइच)
CHC DHAMAUR  (DEORIA),सामुदायिक स्वास्थ्य केंद्र धामौर (देवरिया)
CHC AHRAURA  (MIRZAPUR),सामुदायिक स्वास्थ्य केंद्र अहरौरा (मिर्ज़ापुर)
CHC SAMRER  (BADAUN),सामुदायिक स्वास्थ्य केंद्र SAMRER (बदायूं)
CHC RAJGARH  (MIRZAPUR),सामुदायिक स्वास्थ्य केंद्र राजगढ़ (मिर्ज़ापुर)
CHC MADIHAN  (MIRZAPUR),सामुदायिक स्वास्थ्य केंद्र मदिहान (मिर्ज़ापुर)
CHC LALGANJ  (MIRZAPUR),सामुदायिक स्वास्थ्य केंद्र लालगंज (मिर्ज़ापुर)
CHC KAKRALA  (BADAUN),सामुदायिक स्वास्थ्य केंद्र ककराला (बदायूं)
CHC KHAKHRERU  (FATEHPUR),सामुदायिक स्वास्थ्य केंद्र KHAKHRERU (फतेहपुर)
CHC JARWAL MUSTAFABAD  (BAHRAICH),सामुदायिक स्वास्थ्य केंद्र जरवाल मुस्तफाबाद (बहराइच)
CHC USAWAN  (BADAUN),सामुदायिक स्वास्थ्य केंद्र उसावन (बदायूं)
CHC MAU  (CHITRAKOOT),सामुदायिक स्वास्थ्य केंद्र मऊ (चित्रकूट)
CHC MANIKPUR  (CHITRAKOOT),सामुदायिक स्वास्थ्य केंद्र मणिकपुर (चित्रकूट)
CHC JAHANABAD  (FATEHPUR),सामुदायिक स्वास्थ्य केंद्र जहानाबाद (फतेहपुर)
CHC DAULA  (BAGHPAT),सामुदायिक स्वास्थ्य केंद्र दौला (बागपत)
CHC RANKHANDI  (SAHARANPUR),सामुदायिक स्वास्थ्य केंद्र रंखंडी (सहारनपुर)
CHC CHUNAR  (MIRZAPUR),सामुदायिक स्वास्थ्य केंद्र चुनार (मिर्ज़ापुर)
CHC PADARI  (MIRZAPUR),सामुदायिक स्वास्थ्य केंद्र पदरी (मिर्ज़ापुर)
CHC JARODA PANDA  (SAHARANPUR),सामुदायिक स्वास्थ्य केंद्र जरोड़ा PANDA (सहारनपुर)
CHC DANPUR  (BULANDSHAHR),सामुदायिक स्वास्थ्य केंद्र दानपुर (BULANDSHAHR)
CHC SAIDPUR  (BADAUN),सामुदायिक स्वास्थ्य केंद्र सैदपुर (बदायूं)
CHC AGOTA  (BULANDSHAHR),सामुदायिक स्वास्थ्य केंद्र अगोता (BULANDSHAHR)
CHC ASAFPUR  (BADAUN),सामुदायिक स्वास्थ्य केंद्र आसफपुर (बदायूं)
CHC BARDAHA  (BAHRAICH),सामुदायिक स्वास्थ्य केंद्र बरदाहा (बहराइच)
CHC DADHA  (GAUTAM BUDDHA NAGAR),सामुदायिक स्वास्थ्य केंद्र दाधा (GAUTAM BUDDHA नगर)
CHC RATANPUR KALAN  (MORADABAD),सामुदायिक स्वास्थ्य केंद्र रतनपुर कलां (मुरादाबाद)
CHC SHARIFNAGAR  (MORADABAD),सामुदायिक स्वास्थ्य केंद्र शरीफनगर (मुरादाबाद)
CHC SHEESHGARH  (BAREILLY),सामुदायिक स्वास्थ्य केंद्र शीशगढ़ (बरेली)
CHC SRINAGAR  (MAHOBA),सामुदायिक स्वास्थ्य केंद्र श्रीनगर (महोबा)
CHC DHAWARSI  (AMROHA),सामुदायिक स्वास्थ्य केंद्र धवरसी (अमरोहा)
CHC SHAHPUR  (MUZAFFARNAGAR),सामुदायिक स्वास्थ्य केंद्र शाहपुर (मुज़फ्फरनगर)
CHC JANSATH  (MUZAFFARNAGAR),सामुदायिक स्वास्थ्य केंद्र जनसठ (मुज़फ्फरनगर)
CHC GAUR  (BASTI),सामुदायिक स्वास्थ्य केंद्र GAUR (बस्ती)
CHC KYOLADIYA  (BAREILLY),सामुदायिक स्वास्थ्य केंद्र क्योलाडिया (बरेली)
CHC JUNGLE KAURIA  (GORAKHPUR),सामुदायिक स्वास्थ्य केंद्र JUNGLE KAURIA (गोरखपुर)
CHC CHARGAWAN  (GORAKHPUR),सामुदायिक स्वास्थ्य केंद्र चरगावां (गोरखपुर)
CHC BHANPUR (BASTI),सामुदायिक स्वास्थ्य केंद्र BHANPUR (बस्ती)
CHC MARWATIYA  (BASTI),सामुदायिक स्वास्थ्य केंद्र मरवटिया (बस्ती)
CHC BAKSHI KA TALAB  (LUCKNOW),सामुदायिक स्वास्थ्य केंद्र बक्शी KA TALAB (लखनऊ)
CHC SIKANDERPUR  (SAHARANPUR),सामुदायिक स्वास्थ्य केंद्र सिकंदरपुर (सहारनपुर)
CHC KAPTANGANJ  (BASTI),सामुदायिक स्वास्थ्य केंद्र कप्तानगंज (बस्ती)
CHC KISHNI  (MAINPURI),सामुदायिक स्वास्थ्य केंद्र किशनी (मैनपुरी)
CHC VIKRAMJOT  (BASTI),सामुदायिक स्वास्थ्य केंद्र VIKRAMJOT (बस्ती)
CHC BAHADURPUR  (BASTI),सामुदायिक स्वास्थ्य केंद्र BAHADURPUR (बस्ती)
CHC KAUNDHIYARA  (PRAYAGRAJ),सामुदायिक स्वास्थ्य केंद्र KAUNDHIYARA (प्रयागराज)
CHC AUNCHHA  (MAINPURI),सामुदायिक स्वास्थ्य केंद्र AUNCHHA (मैनपुरी)
CHC JAITHRA  (ETAH),सामुदायिक स्वास्थ्य केंद्र जैथरा (एटा)
UCHC KASHI VIDYA PEETH (VARANASI),"यू.सी.एच.सी. काशी विद्या पीठ, वाराणसी"
CHC SAKIT (ETAH),सामुदायिक स्वास्थ्य केंद्र साकित (एटा)
CHC SAHAR  (AURAIYA),सामुदायिक स्वास्थ्य केंद्र सहार (औरैया)
CHC TAKHA  (ETAWAH),सामुदायिक स्वास्थ्य केंद्र TAKHA (इटावा)
UCHC CHAUKA GHAT  (VARANASI),"यू.सी.एच.सी. चौका घाट, वाराणसी"
CHC VIJAYPUR SAROI  (MIRZAPUR),सामुदायिक स्वास्थ्य केंद्र VIJAYPUR SAROI (मिर्ज़ापुर)
CHC AMBHETA  (SAHARANPUR),सामुदायिक स्वास्थ्य केंद्र अंभेता (सहारनपुर)
CHC HAJIPUR GANG  (FATEHPUR),सामुदायिक स्वास्थ्य केंद्र HAJIPUR GANG (फतेहपुर)
CHC BARNAHAL  (MAINPURI),सामुदायिक स्वास्थ्य केंद्र बरनाहल (मैनपुरी)
CHC Dataganj (Badaun),सामुदायिक स्वास्थ्य केंद्र दातागंज (बदायूं)
CHC MISIRPUR (VARANASI),सामुदायिक स्वास्थ्य केंद्र मिसिरपुर (वाराणसी)
DISTRICT WOMEN HOSPITAL  (GORAKHPUR),"डाटागंजजिला महिला चिकित्सालय, गोरखपुर"
CHC USWA BABU  (GORAKHPUR),सामुदायिक स्वास्थ्य केंद्र उसवा BABU (गोरखपुर)
CHC KANTH  (SHAHJAHANPUR),सामुदायिक स्वास्थ्य केंद्र कांठ (शाहजहाँपुर)
CHC PARIWA AT SUMBHA  (BARABANKI),सामुदायिक स्वास्थ्य केंद्र परिवारा पर SUMBHA (बाराबंकी)
CHC SHIVPUR  (GORAKHPUR),सामुदायिक स्वास्थ्य केंद्र शिवपुर (गोरखपुर)
CHC BELHAR KALA  (SANT KABIR NAGAR),सामुदायिक स्वास्थ्य केंद्र बेलहर KALA (संत कबीर नगर)
CHC LOTAN  (SIDDHARTHNAGAR),सामुदायिक स्वास्थ्य केंद्र लोटन (सिद्धार्थ नगर)
CHC LATERA  (SIDDHARTHNAGAR),सामुदायिक स्वास्थ्य केंद्र लटेरा (सिद्धार्थ नगर)
CHC SIRSIYA (SIDDHARTHNAGAR),सामुदायिक स्वास्थ्य केंद्र सिरसिया (सिद्धार्थ नगर)
CHC PAULI AT SHIVBHAKHARI (SANT KABIR NAGAR),सामुदायिक स्वास्थ्य केंद्र PAULI पर SHIVBHAKHARI (संत कबीर नगर)
CHC DEWA (BARABANKI),सामुदायिक स्वास्थ्य केंद्र देवा (बाराबंकी)
CIVIL HOSPITAL LINZIGANJ (FARRUKHABAD),"बारसिविल चिकित्सालय, लिंजीगंज, फर्रुखाबाद"
CHC PHALAUDA (MEERUT),सामुदायिक स्वास्थ्य केंद्र PHALAUDA (मेरठ)
CHC POHILA (GORAKHPUR),सामुदायिक स्वास्थ्य केंद्र पोहिला (गोरखपुर)
CHC BADAGAON (BARABANKI),सामुदायिक स्वास्थ्य केंद्र बडगांव (बाराबंकी)
50 BEDDED COMBINED HOSPITAL KITHORE (MEERUT),50 शय्या संयुक्त चिकित्सालय
CHC SIKANDERPUR (BALLIA),सामुदायिक स्वास्थ्य केंद्र सिकंदरपुर (बलिया)
CHC BADAGAON (JHANSI),सामुदायिक स्वास्थ्य केंद्र बडगांव (झांसी)
Ram Sagar Mishra (RSM Hospital)100 Bed Combined Hospital,100 शय्या संयुक्त चिकित्सालय
CHC BISAULI (BADAUN),सामुदायिक स्वास्थ्य केंद्र BISAULI (बदायूं)
CHC DOHARIGHAT (MAU),सामुदायिक स्वास्थ्य केंद्र दोहरीघाट (मऊ)
CHC GAJRAULA  (AMROHA),सामुदायिक स्वास्थ्य केंद्र गजरौला (अमरोहा)
CHC BILSI (BADAUN),सामुदायिक स्वास्थ्य केंद्र बिलसी (बदायूं)
CHC JAGAT (BADAUN),सामुदायिक स्वास्थ्य केंद्र जगत (बदायूं)
CHC KHUTAR (SHAHJAHANPUR),सामुदायिक स्वास्थ्य केंद्र खुतार (शाहजहाँपुर)
CHC KARARI (KAUSHAMBI),सामुदायिक स्वास्थ्य केंद्र करारी (कौशाम्बी)
CHC  PHULPUR (PRAYAGRAJ),सामुदायिक स्वास्थ्य केंद्र फूलपुर (प्रयागराज)
CHC SINDHAULI (SHAHJAHANPUR),सामुदायिक स्वास्थ्य केंद्र सिंधौली (शाहजहाँपुर)
CHC NIGOHI (SHAHJAHANPUR),सामुदायिक स्वास्थ्य केंद्र निगोही (शाहजहाँपुर)
BPHU RAMNAGAR (AMBEDKAR NAGAR),"बी.पी.एच.यू. रामनगर, अंबेडकर नगर"
